garment_type,order_quantity,num_stitch_operations,target_sewing_time_mins
Hoodie,960,22,3149.04
Trouser,4526,12,7237.47
Jeans,3019,14,5223.27
Kurti,1284,13,2134.4
Blazer,574,24,2902.69
Kurti,3990,16,6406.33
Hoodie,2535,16,8029.2
Kurti,1463,13,2396.13
Hoodie,2656,22,7828.74
Jeans,3173,17,6391.06
Uniform,3943,17,7656.07
Uniform,2081,15,4449.26
Jacket,3898,28,19939.43
Kurti,4987,11,8665.13
Blazer,2162,22,9784.64
Jacket,1595,30,7153.86
Jacket,4614,20,19795.82
Hoodie,300,19,897.91
Hoodie,2554,21,7724.11
Trouser,2790,10,4236.45
Hoodie,4593,22,13194.78
Trouser,963,10,1345.22
Jeans,1857,16,3536.83
Jeans,1822,14,3245.67
Shirt,2829,12,2688.5
Jeans,2081,14,3826.49
Hoodie,3402,21,9787.22
Jeans,1382,18,2586.29
Blazer,4513,26,24906.0
Dress,3843,14,8659.46
T-Shirt,4759,8,2565.63
T-Shirt,3099,5,1624.15
Shirt,4837,11,4311.76
Trouser,1807,11,2894.63
Hoodie,3610,18,10541.38
Kurti,3031,11,4916.97
T-Shirt,3372,8,1982.66
Jeans,1469,14,3008.01
Jeans,3011,18,5714.82
Shirt,3019,8,2946.57
Blazer,4161,24,20332.5
T-Shirt,3823,5,2274.61
Hoodie,2156,16,6087.86
Jacket,3291,20,14223.75
T-Shirt,1545,8,920.42
Dress,3334,18,7675.04
T-Shirt,4593,5,2404.18
Trouser,4596,10,6652.51
Trouser,4665,15,6902.47
Dress,3454,16,8700.82
T-Shirt,1059,5,518.06
Trouser,3220,10,5124.74
Kurti,2665,12,4504.99
Kurti,706,12,1257.65
Jeans,290,16,547.61
Shirt,1916,9,1992.17
Uniform,1995,17,3934.43
Shirt,4157,8,4092.42
Blazer,4441,28,23262.32
Blazer,2555,28,13969.94
Jeans,2468,17,5244.69
Shirt,2874,10,2762.83
Dress,1815,15,4494.33
T-Shirt,3224,8,1753.6
Kurti,4969,14,7812.93
Jacket,4464,21,19056.46
Trouser,4852,12,7108.5
Uniform,4829,12,9520.11
Dress,659,14,1578.3
Dress,2394,16,5450.7
Trouser,2844,14,4046.27
Uniform,2579,16,5441.19
T-Shirt,1857,5,1046.91
Shirt,3351,9,3282.67
Uniform,1731,12,3490.53
Hoodie,4692,19,14535.62
Jeans,1787,15,3388.26
Trouser,3598,14,5729.07
T-Shirt,4013,7,2133.65
Jacket,1725,21,7003.02
Hoodie,3367,17,10343.46
Jeans,828,16,1801.97
Jeans,3565,16,7358.87
Hoodie,2243,22,7681.38
Kurti,3951,10,6359.38
T-Shirt,4052,6,2291.28
Blazer,1465,24,7412.41
Jeans,3677,18,6857.52
Kurti,4591,10,7228.61
Kurti,3082,15,5267.65
Kurti,832,12,1399.1
Dress,1642,19,4245.15
Uniform,3093,14,6630.38
Hoodie,4412,20,14263.27
Dress,3586,16,8931.5
Uniform,3702,18,7997.05
Shirt,1343,9,1348.32
Hoodie,3172,18,9664.95
Blazer,1314,22,5993.16
Uniform,3727,16,8645.43
Kurti,4275,15,7833.3
Trouser,3612,11,4943.51
T-Shirt,3586,5,2048.79
Blazer,1453,29,7871.08
Jacket,767,24,3249.12
Uniform,639,15,1251.34
Jeans,3875,14,7677.48
Jeans,2608,15,4863.51
Trouser,3424,15,5844.21
Shirt,109,9,148.26
Kurti,1115,10,1846.19
Kurti,4258,10,7266.35
T-Shirt,4100,6,2089.87
Kurti,1768,15,3220.29
Hoodie,3736,20,12058.0
Blazer,2148,24,10606.23
Jeans,4644,12,9081.77
Dress,2265,16,5390.56
T-Shirt,1177,8,683.51
Hoodie,3378,20,10683.73
Shirt,2222,10,2311.21
Shirt,1458,10,1286.67
Shirt,1431,8,1317.08
Hoodie,3277,18,10232.38
Jeans,237,12,431.68
Shirt,4400,10,4241.35
Trouser,860,12,1154.21
Jacket,380,22,1779.13
Shirt,4256,9,3780.67
Uniform,4000,17,7901.9
T-Shirt,623,6,365.15
Blazer,2396,30,13896.96
Jacket,4302,20,17280.53
Jeans,2866,18,5717.9
Dress,625,15,1591.96
Uniform,4721,14,9197.46
Hoodie,1746,22,5515.08
Uniform,2006,18,4022.49
Hoodie,4680,19,12812.83
Uniform,225,15,423.4
Jeans,1703,13,3378.6
Dress,4818,14,11243.68
Uniform,2572,16,5311.1
Jacket,2462,25,11370.66
T-Shirt,1560,6,819.42
Jacket,2970,28,12664.34
Trouser,2690,14,4523.29
Jeans,745,17,1397.72
Jacket,4389,30,21396.93
Dress,1241,17,2925.8
T-Shirt,4727,5,2644.99
Dress,1928,19,4481.02
Jeans,2126,14,3690.22
Hoodie,1773,19,5050.18
Jacket,3813,23,15914.58
Jacket,2138,22,8980.13
T-Shirt,1704,6,1021.7
Blazer,2735,24,12934.65
Jacket,3491,25,14307.04
Kurti,1414,14,2220.24
Trouser,177,11,304.87
Shirt,2443,10,2352.27
T-Shirt,4770,7,2724.72
Shirt,2097,12,2200.93
Trouser,3210,12,4747.51
Uniform,2135,17,4911.62
Jeans,2304,17,4893.92
T-Shirt,2343,6,1389.88
Kurti,1965,10,2754.61
Jacket,3328,27,14319.11
Jeans,2991,16,6224.38
Jeans,893,14,1778.78
Jeans,4206,17,9091.31
Uniform,2449,14,4712.71
Jacket,3105,21,13525.43
Jeans,3035,16,6280.14
Uniform,3156,15,6380.8
Jeans,1305,18,2871.41
Dress,4762,16,11503.42
Blazer,301,25,1667.2
Uniform,674,15,1405.51
Shirt,574,9,606.05
Trouser,1305,10,1902.72
T-Shirt,4480,7,2435.29
Uniform,2303,13,4786.64
Jacket,4522,20,18237.25
Hoodie,2582,18,8175.09
T-Shirt,4624,5,2465.27
Jacket,2165,20,9635.73
T-Shirt,2261,6,1201.48
Jeans,3435,16,6199.01
Trouser,2001,11,2903.64
Hoodie,154,19,491.61
Blazer,2906,24,14274.18
Jacket,3410,24,14130.34
Shirt,2243,10,2373.91
Jeans,264,17,517.12
Hoodie,4525,22,15002.26
Kurti,4342,14,7810.08
T-Shirt,3694,6,2231.89
Trouser,4666,13,7557.1
Blazer,3677,27,20907.84
T-Shirt,2861,6,1601.56
T-Shirt,4053,7,2320.48
Blazer,2699,23,14141.39
Jeans,541,16,988.3
Hoodie,904,18,2919.67
Blazer,2181,22,10787.74
Dress,4783,20,11092.04
Dress,4926,15,11739.18
Blazer,554,22,2758.31
Shirt,3167,10,2777.31
Kurti,3463,12,5252.33
Jeans,1236,14,2252.88
Trouser,1433,11,2001.9
Jeans,1862,15,3301.44
Shirt,253,9,225.44
Blazer,160,29,863.22
Hoodie,4326,17,13484.11
Shirt,2422,12,2234.25
T-Shirt,3104,5,1821.35
Jacket,438,27,2073.01
T-Shirt,1850,5,1043.02
Blazer,3826,30,23347.44
Uniform,4906,12,9136.23
Kurti,4332,12,7579.93
Shirt,926,12,914.7
Shirt,1566,9,1521.93
Jacket,2767,21,12619.17
Hoodie,4559,22,13948.31
T-Shirt,3687,5,2097.77
Uniform,1231,17,2647.13
Trouser,3341,11,4425.38
Trouser,913,13,1288.92
T-Shirt,4672,6,2633.38
Blazer,4461,30,24173.47
Jeans,4584,12,8071.78
Shirt,245,12,196.64
T-Shirt,2732,7,1489.1
Uniform,1928,16,3896.13
Dress,906,20,2555.49
Blazer,4967,29,29879.74
Dress,984,16,2324.78
Uniform,1036,12,2227.47
Jacket,3945,24,15955.65
Shirt,949,8,784.5
Trouser,4169,14,6120.59
Kurti,3781,12,6583.23
Trouser,2782,13,4184.69
Blazer,1518,23,7609.33
Dress,4072,15,9617.84
Trouser,1691,11,2498.38
T-Shirt,1385,8,879.07
Blazer,462,30,2822.4
Jeans,4386,14,8841.74
Kurti,3841,16,6148.36
Jeans,3429,17,7222.59
T-Shirt,2164,8,1176.37
Jacket,4870,25,20964.0
Shirt,4002,11,3999.66
Kurti,377,13,591.95
T-Shirt,985,5,475.74
Jacket,2453,23,11010.1
T-Shirt,4099,7,2262.27
Hoodie,3709,17,10402.2
Hoodie,2944,20,8696.54
Shirt,3255,10,3002.6
Kurti,4126,13,6616.99
Blazer,4765,27,24258.67
Jacket,1084,20,4223.84
Jacket,690,30,3559.67
Kurti,3999,11,6530.26
Blazer,2353,28,11864.01
Dress,1116,17,2511.21
Dress,216,15,522.13
Jacket,3960,21,17421.76
Shirt,1489,10,1496.35
Jacket,878,25,4162.25
Blazer,2548,30,14470.72
Jeans,2820,13,5612.3
Shirt,101,8,77.93
Jeans,1017,18,1919.7
Hoodie,189,21,623.81
Trouser,734,15,1170.73
Blazer,2370,30,13838.73
Jeans,4306,14,8262.17
Jeans,307,15,607.3
Blazer,4209,23,19661.76
Hoodie,3695,20,11286.71
Jeans,4880,16,10253.87
Hoodie,2435,18,6807.72
Trouser,3071,11,4349.04
Dress,452,20,1142.5
Jacket,503,24,2183.92
Jeans,1055,13,2093.46
Kurti,3911,11,6384.13
Jeans,1897,18,3721.17
Trouser,629,14,1016.57
Trouser,4989,13,8143.96
Shirt,474,12,483.39
Blazer,2465,27,14294.68
Blazer,3255,23,15201.19
T-Shirt,3038,5,1851.99
T-Shirt,4655,8,2606.73
Hoodie,3474,22,10361.79
Blazer,1380,26,6980.26
T-Shirt,2460,8,1428.77
Kurti,2312,10,3806.82
Jacket,2303,25,9743.99
Shirt,1068,12,1135.44
T-Shirt,1158,6,658.45
Jeans,2840,13,5890.07
Shirt,4412,9,4512.68
Shirt,1018,11,1015.08
Hoodie,4503,17,12491.57
Dress,4712,20,11088.0
Shirt,2574,9,2215.44
Jacket,4052,30,21110.45
Jeans,3172,14,6642.43
Blazer,3773,23,21235.48
Dress,674,14,1658.85
Jeans,3781,16,7868.21
Jeans,1737,14,3562.02
Trouser,1488,12,2178.15
Dress,554,14,1272.75
Kurti,4086,13,6805.38
T-Shirt,4500,8,2593.1
Uniform,1061,17,2305.28
Kurti,3965,11,6220.62
Kurti,3122,13,5040.64
Hoodie,2645,19,8754.23
Trouser,3954,13,6509.66
Dress,4982,15,10893.76
Trouser,205,13,393.86
Shirt,4116,12,4008.45
Uniform,3754,18,7521.67
Uniform,544,13,1163.66
Dress,1508,17,3300.64
Uniform,3038,16,6548.12
Blazer,3197,30,18429.36
Jacket,2525,28,12611.97
Uniform,1416,15,2835.17
Trouser,3783,13,5933.6
Uniform,3140,18,6971.42
T-Shirt,582,8,356.49
Kurti,2566,13,3952.23
Uniform,1068,17,2370.26
Shirt,4006,9,3680.87
Hoodie,4108,16,10805.7
Jeans,1341,17,2722.07
Hoodie,4231,20,14041.41
Dress,2572,20,5892.85
T-Shirt,3813,8,2351.4
Dress,1835,15,4401.92
Uniform,441,17,815.86
Trouser,2501,15,3731.8
Dress,3983,15,10189.42
Blazer,4506,30,26830.05
T-Shirt,2031,8,1214.82
Kurti,4043,13,6273.42
Kurti,4137,15,6401.18
Dress,1623,15,3476.82
Jeans,4676,18,9065.98
Blazer,2596,24,13163.05
Hoodie,1789,19,5850.42
Dress,343,15,786.89
T-Shirt,4237,6,2550.94
Dress,3238,20,7832.3
Blazer,4594,26,22094.95
Jeans,4461,12,8405.88
Dress,4359,20,10997.96
Jeans,3046,14,5746.52
Blazer,2629,29,14427.64
Jeans,3136,15,6546.12
Shirt,2810,10,2596.41
Blazer,4837,23,22539.35
Jacket,556,26,2384.7
T-Shirt,1738,8,1062.26
Hoodie,1503,19,4293.88
Shirt,1608,11,1552.29
Trouser,2239,15,3748.01
Hoodie,4581,21,14280.51
Dress,4937,20,12615.84
Kurti,3184,14,5669.8
Kurti,2485,14,4485.29
Kurti,2455,16,3916.32
Jeans,645,15,1225.97
Jeans,3593,13,7193.86
T-Shirt,4300,8,2671.38
T-Shirt,341,6,147.9
Jacket,888,30,4230.06
T-Shirt,178,5,50.0
Jacket,2248,27,9440.85
Trouser,507,12,667.16
Kurti,247,14,408.84
Jeans,4594,14,9104.61
Trouser,3662,11,4966.13
Uniform,1673,18,3357.8
T-Shirt,1346,8,780.06
Shirt,1062,8,982.37
Jeans,1713,12,3260.38
Shirt,2296,11,2149.2
Jacket,869,25,3900.79
Shirt,622,9,593.06
Jacket,2330,28,10573.48
Blazer,3797,27,19481.48
Jeans,3343,14,6875.04
Hoodie,138,16,408.78
Shirt,2296,12,2111.76
Dress,761,16,1731.74
Shirt,4965,12,5071.93
Dress,3854,18,9603.88
Jacket,614,25,2821.53
Blazer,3400,29,18668.88
Jacket,1384,22,6560.7
Uniform,3662,12,7319.94
Hoodie,1022,17,2934.05
Dress,2381,15,5994.01
T-Shirt,1137,5,639.15
Trouser,3995,12,6501.47
Jeans,1504,15,3069.8
Kurti,2123,16,3309.08
Dress,4383,14,9900.98
Trouser,4531,11,6707.28
Jeans,4059,17,8184.9
Trouser,3988,15,5831.42
Jacket,1232,29,6084.89
Jeans,4378,12,8079.95
Shirt,930,11,846.8
Blazer,1119,27,6224.33
T-Shirt,4393,8,2562.34
Hoodie,4797,20,13814.1
Uniform,2197,14,4077.31
Trouser,4086,11,6350.85
Uniform,4776,16,9928.29
Kurti,2503,15,4317.06
Hoodie,3078,16,9425.52
Blazer,1719,29,9442.57
Kurti,1531,13,2305.96
Uniform,3571,17,7526.55
Blazer,304,27,1480.34
Jeans,2397,14,4269.76
Jeans,789,12,1542.81
Jacket,1271,27,5935.57
Hoodie,1549,17,4518.82
Uniform,3752,14,8002.54
Kurti,2452,12,3783.18
Blazer,697,28,3888.83
Jacket,672,21,2850.9
T-Shirt,4724,6,2430.43
Dress,2757,14,6273.59
Blazer,3237,23,17712.08
Trouser,4832,15,7213.15
Uniform,710,14,1544.04
Hoodie,2424,19,7449.14
Jacket,2891,24,13270.11
Jeans,881,14,1890.1
T-Shirt,4642,6,2384.86
Trouser,2091,13,3156.86
Jeans,1914,12,3486.81
Trouser,4502,12,6247.16
Blazer,2311,26,12631.46
Hoodie,4754,22,16274.41
Jeans,3625,15,6600.14
Trouser,3024,12,4857.98
T-Shirt,712,8,387.21
Kurti,2407,15,4162.36
T-Shirt,674,5,448.96
Kurti,769,14,1208.46
Kurti,1660,12,2701.49
Blazer,2039,23,9823.26
Blazer,1495,27,8121.54
Trouser,3090,13,4631.28
Trouser,687,13,976.83
Kurti,3931,11,5719.64
Blazer,4533,30,25045.04
Dress,1774,19,4801.75
Shirt,1189,10,1193.71
Hoodie,2601,16,7781.16
Uniform,4728,14,10174.74
Kurti,3473,13,6197.98
Trouser,1887,14,3144.31
Trouser,3908,15,6275.66
Jacket,2697,23,11537.66
Trouser,4017,12,5878.05
Blazer,4278,24,23617.7
Trouser,2431,13,4059.96
Hoodie,4828,19,15115.54
Jeans,4593,17,8527.16
Blazer,2467,22,12349.46
Blazer,1862,30,10038.45
Blazer,3298,28,18171.18
T-Shirt,2579,6,1449.36
Kurti,760,14,1181.46
Kurti,2086,13,3182.98
Jacket,2627,20,10000.57
Hoodie,1547,19,5048.84
Trouser,2173,13,3245.07
Jacket,1673,23,7793.04
Jeans,678,17,1331.37
Jacket,1285,30,6537.22
Dress,2361,14,4902.16
Dress,829,16,1821.29
Jacket,241,22,968.15
Jeans,4896,17,10523.42
Hoodie,440,20,1397.99
Uniform,2529,12,4920.59
Jacket,1912,22,8864.8
Hoodie,3212,22,10150.51
T-Shirt,3339,8,2006.06
Jacket,4651,24,19615.73
Uniform,1087,13,2319.3
Blazer,273,28,1544.13
Jeans,1089,12,2025.08
Shirt,1874,11,1841.01
Trouser,2802,10,4417.08
Blazer,301,23,1659.15
Trouser,3289,10,4919.2
Trouser,3255,15,4658.14
T-Shirt,4108,6,2318.69
T-Shirt,2098,6,1254.15
Blazer,1531,30,7850.34
Kurti,1230,11,1915.72
Dress,3805,19,9326.19
Shirt,1923,10,1872.54
Hoodie,459,18,1409.62
Uniform,1241,15,2567.94
Kurti,106,13,250.43
T-Shirt,3364,7,1786.45
Trouser,3154,12,4603.49
T-Shirt,3028,6,1850.07
Jacket,3375,25,15051.12
Jeans,2000,13,3769.27
Jeans,1278,17,2313.53
Uniform,3734,13,7245.3
Uniform,2269,16,4632.55
Kurti,3258,15,5573.19
Dress,4263,18,9669.38
T-Shirt,2032,6,1082.13
Trouser,1477,14,2115.39
T-Shirt,440,6,274.19
Jeans,1622,12,3050.21
Jacket,1234,21,5253.92
Blazer,3835,24,18705.58
Kurti,2667,13,4692.29
Kurti,366,15,630.81
Dress,3832,19,10079.82
Jeans,2060,17,3744.78
Dress,982,16,2345.77
Dress,4890,15,11412.56
T-Shirt,2554,7,1479.92
T-Shirt,3902,6,2180.64
Jeans,1002,16,1943.93
Dress,2590,18,6329.72
Hoodie,2867,17,8446.5
Dress,3053,15,7361.83
Kurti,2099,13,3620.67
Blazer,3334,24,16215.64
Uniform,4308,18,8437.42
Kurti,3058,14,4574.73
Jacket,2335,28,11519.96
Jacket,3706,28,18150.25
Jeans,513,18,931.91
Shirt,2192,12,1991.68
Dress,2522,15,6243.72
Shirt,1597,12,1639.57
Shirt,2442,10,2481.96
Dress,2880,20,7244.42
T-Shirt,536,5,341.72
Dress,2484,20,6224.28
Uniform,1689,15,3533.74
Jeans,152,18,367.36
Jeans,1328,14,2689.41
Shirt,4549,10,4114.44
T-Shirt,1364,6,827.89
T-Shirt,3514,8,2224.32
Blazer,2537,26,14680.69
Blazer,4623,25,25677.76
Trouser,2288,12,3695.39
Kurti,2548,11,3668.1
T-Shirt,3999,7,2411.1
Kurti,4088,12,6821.46
T-Shirt,3707,8,2002.71
Blazer,4728,25,26225.82
Kurti,2957,10,4483.82
Blazer,1478,23,7773.67
Trouser,991,10,1272.49
Shirt,4844,8,4867.82
Dress,2105,14,5157.46
Jeans,1039,16,2127.25
Dress,1561,14,3850.87
Blazer,2196,27,12461.68
Kurti,2200,11,3104.77
Dress,4593,15,9706.39
Trouser,2258,15,3541.95
Blazer,839,27,4759.9
Hoodie,3327,22,9926.39
Blazer,1797,26,9115.91
Kurti,4860,10,7962.9
Kurti,4679,14,8487.46
Trouser,4652,12,7332.14
Dress,743,16,1863.23
Shirt,3376,11,3278.34
Dress,332,14,729.84
Hoodie,2509,16,7476.32
Kurti,3531,13,5696.8
T-Shirt,1172,7,715.93
Blazer,4881,23,25835.11
Shirt,2152,11,2122.68
Shirt,2569,10,2590.35
Uniform,2600,17,5317.81
Uniform,2449,16,5170.64
Trouser,1216,13,1959.66
Shirt,1646,11,1669.7
Blazer,4775,24,24742.17
Blazer,456,30,2764.41
Hoodie,969,21,2707.66
T-Shirt,4814,7,2795.27
Shirt,1029,12,1071.21
T-Shirt,4382,8,2606.08
Dress,185,17,365.17
Jacket,2469,26,11792.11
Dress,2760,16,6003.23
Uniform,2887,12,5323.81
Hoodie,766,17,2440.62
Kurti,1729,12,2492.5
Hoodie,3774,17,10787.29
Jeans,792,14,1518.69
T-Shirt,2261,5,1121.06
Blazer,2013,22,9487.49
Shirt,1872,8,1847.52
Trouser,760,12,1151.1
Trouser,2550,14,3796.01
Jeans,2938,13,6012.35
Shirt,2775,12,2786.45
Hoodie,3071,21,8740.17
Jeans,370,14,749.35
Jacket,3707,27,17645.0
Trouser,389,10,551.03
Kurti,4876,10,7764.12
Dress,1480,14,3710.61
Jeans,483,14,813.55
Jeans,4159,15,7699.37
Kurti,3514,11,5378.16
Kurti,1235,12,1889.06
Dress,3911,20,9280.04
Dress,4408,19,11130.01
Uniform,3373,14,6595.64
Blazer,1076,27,5479.78
Blazer,3064,26,15028.43
T-Shirt,1852,7,1060.5
Dress,3172,20,8334.4
Hoodie,608,21,1829.31
Jeans,1431,16,3021.63
T-Shirt,1199,8,703.89
Trouser,1597,13,2572.94
Jeans,468,14,956.95
T-Shirt,1393,6,760.66
Jeans,3486,16,7355.08
Trouser,2340,14,3752.77
Dress,1099,18,2951.3
Blazer,3831,25,20606.6
Shirt,3193,10,3060.05
Hoodie,4646,17,14594.01
Trouser,3350,11,4644.97
Kurti,2478,14,3989.45
T-Shirt,3049,5,1661.59
Jacket,3204,21,13493.95
Trouser,4921,14,6896.71
T-Shirt,3865,7,2223.83
Hoodie,3574,21,11390.12
Uniform,2469,17,5336.11
Blazer,2088,23,11050.8
Hoodie,2534,17,7467.43
Trouser,307,11,436.56
Hoodie,3466,18,9492.09
Dress,2700,19,6942.86
Shirt,2949,10,2756.54
Uniform,4268,12,8782.43
Shirt,4608,11,4974.95
Uniform,4857,14,10720.8
Shirt,2561,8,2123.15
T-Shirt,3028,5,1683.21
T-Shirt,3591,5,2060.57
Uniform,275,17,541.95
Trouser,1879,12,2558.27
Blazer,4562,25,23688.77
Blazer,1164,23,6244.12
Jacket,2186,20,9763.58
Kurti,2446,11,3532.67
Shirt,3110,9,2941.29
Hoodie,1773,17,5583.98
Trouser,2466,14,4014.93
Hoodie,2011,18,5968.07
Trouser,593,11,873.49
Hoodie,4127,19,13552.6
Kurti,4844,11,8188.4
Dress,2141,17,5177.75
Kurti,1458,13,2394.67
Uniform,4451,18,8825.67
Dress,2235,17,5107.55
Dress,220,14,519.67
Kurti,1024,14,1825.85
Trouser,902,13,1322.72
Jeans,2287,15,4360.4
Uniform,4027,12,8524.47
Hoodie,4035,20,11999.73
Hoodie,2995,16,8315.37
Blazer,1129,24,6242.13
Kurti,186,10,216.45
Trouser,3042,15,4482.2
Jeans,4690,18,9400.93
Hoodie,3787,20,12177.6
Dress,4953,14,11110.81
Uniform,598,17,1218.62
Shirt,1836,9,1825.55
Hoodie,2394,22,7396.8
Jacket,2510,28,11527.97
T-Shirt,118,7,50.0
Shirt,4336,8,4145.61
T-Shirt,4440,8,2808.92
T-Shirt,4266,5,2294.21
T-Shirt,916,7,512.32
Kurti,2563,11,3841.38
Blazer,3993,30,22531.43
Blazer,2646,24,13129.98
Hoodie,817,20,2333.04
Blazer,1355,23,7478.52
Shirt,3907,11,3590.41
Jeans,2972,12,5070.97
Shirt,2704,11,2845.23
Trouser,102,15,185.01
Jacket,2721,23,11859.65
Shirt,1185,8,1110.05
Shirt,3675,8,3508.72
Hoodie,1603,17,4903.68
Trouser,143,14,177.72
Dress,3072,15,7814.61
Hoodie,1090,18,3233.58
Kurti,1593,15,2519.57
Uniform,3616,16,8003.07
Blazer,1054,23,5252.17
Uniform,2447,14,4705.33
Trouser,957,11,1515.14
T-Shirt,483,6,283.84
T-Shirt,4351,5,2484.62
Jeans,3050,17,5613.29
Hoodie,3034,21,10037.56
Uniform,4040,15,8168.14
Dress,1193,18,3139.95
Trouser,1640,13,2213.98
Jacket,465,30,2273.28
Hoodie,4299,20,14088.61
Dress,3939,19,9011.11
Jeans,1775,14,3721.6
Trouser,4560,12,6465.73
T-Shirt,2950,8,1836.17
Kurti,2950,15,4534.27
Jacket,213,20,973.67
Kurti,3296,11,5173.67
Jeans,1696,16,3583.57
Blazer,2358,28,13962.46
Shirt,2687,12,2660.93
Shirt,2317,11,2419.63
Shirt,3326,9,2900.95
Hoodie,1548,18,4833.8
Blazer,2605,27,13112.44
Jacket,4601,25,21085.19
T-Shirt,4288,6,2289.29
Jacket,1241,23,5962.27
Trouser,3355,11,4822.58
Dress,3975,19,10003.65
Jacket,3023,27,14217.66
Uniform,4835,15,10828.4
Hoodie,1075,20,3595.94
Hoodie,3427,22,10087.72
Trouser,2359,14,3920.05
Jacket,1330,24,5390.61
Jeans,3956,13,8125.58
Shirt,1194,11,1065.6
Jeans,4245,17,9284.02
Jeans,4070,16,8453.38
Jacket,683,27,2833.07
Jacket,961,27,4096.47
Hoodie,3711,16,10486.94
Kurti,4681,11,7477.26
Jacket,3283,26,13663.19
Blazer,2253,26,11779.03
Blazer,2937,30,16725.45
Uniform,1394,18,3076.86
Hoodie,2996,16,9467.24
Blazer,546,27,3131.46
Hoodie,326,17,867.21
Jacket,2032,20,9127.65
Dress,1981,19,5072.13
Blazer,2992,27,14893.33
Jacket,319,24,1335.42
Shirt,819,12,808.72
Hoodie,171,21,532.6
Trouser,798,13,1204.88
Kurti,407,10,578.69
Jeans,3658,18,7058.92
Uniform,375,15,814.79
T-Shirt,3229,8,1994.9
Hoodie,3857,18,10933.69
T-Shirt,255,5,172.63
Hoodie,3173,21,9757.86
Shirt,2928,10,2588.57
Kurti,1747,16,3106.79
Jeans,2861,15,5546.56
Hoodie,2531,19,7320.34
T-Shirt,3408,6,2087.67
Jacket,171,30,803.84
Trouser,4334,12,6629.8
T-Shirt,2563,6,1508.49
Dress,4537,15,10233.66
Trouser,1356,10,1843.08
Trouser,1573,12,2402.88
T-Shirt,1129,7,630.13
Kurti,3897,11,6646.31
Jeans,2205,16,3968.03
Hoodie,2847,21,9449.0
Trouser,4991,10,6596.83
Jacket,4667,21,21592.67
Blazer,4562,29,25710.82
Uniform,3067,17,5907.38
Blazer,1405,25,7776.72
Kurti,2077,12,3055.55
Trouser,4655,10,6871.2
Shirt,4335,11,4026.86
Hoodie,228,21,652.33
Blazer,727,27,3630.83
T-Shirt,2441,5,1364.03
Blazer,1083,30,5882.78
Dress,2772,16,6406.29
Shirt,4856,11,5130.58
Jacket,1786,22,7597.9
Jacket,4398,24,17962.75
Kurti,410,14,634.68
T-Shirt,459,8,252.06
Hoodie,1725,20,5395.25
Dress,831,15,2054.05
Hoodie,3906,17,11343.6
Jeans,1711,12,3151.3
Jacket,1736,20,6874.84
Kurti,1332,15,2271.74
Jacket,3858,20,15601.2
Dress,4358,19,10053.28
Jacket,3616,25,17102.84
Jacket,2822,25,13181.04
Uniform,506,12,1019.05
Dress,809,16,1994.56
Shirt,1511,8,1509.07
Hoodie,4214,22,14537.19
Trouser,2566,12,3625.44
Jacket,4340,26,18827.06
T-Shirt,2502,8,1593.72
Kurti,4658,16,7712.88
Jacket,286,23,1187.0
Jacket,3954,30,18086.74
Hoodie,1680,17,5376.28
Trouser,2945,11,4194.69
Shirt,2880,11,2788.41
Dress,2075,15,4622.83
Jeans,3264,18,6612.16
Uniform,707,12,1336.52
Jeans,1129,14,2209.58
Jeans,1575,12,3088.22
Kurti,2563,15,4576.9
Dress,2906,16,6836.49
Uniform,2223,18,4745.13
Blazer,1914,24,10663.4
Kurti,3031,16,5105.22
Blazer,1709,30,9924.7
Hoodie,2060,16,6141.75
Trouser,1720,14,2889.1
Hoodie,3892,21,13050.3
Dress,3166,16,7424.25
Trouser,1653,12,2222.32
Uniform,175,15,357.48
Hoodie,2430,22,7339.17
Jacket,2159,30,11020.1
T-Shirt,4571,8,2759.86
Kurti,1025,16,1638.98
Uniform,1194,16,2732.79
Jeans,4113,15,7504.64
Uniform,3192,16,7087.12
Dress,1287,15,2951.35
Shirt,1049,11,1073.57
Dress,2681,17,6960.96
Jeans,3506,12,6024.46
Kurti,1015,16,1827.94
Kurti,377,11,549.68
Jeans,1270,13,2452.76
Trouser,2588,14,4257.82
Shirt,4382,11,4176.24
Shirt,2463,8,2282.36
Jacket,2276,30,11048.68
Jeans,3498,13,6636.55
T-Shirt,4754,8,2862.36
Hoodie,1231,18,3394.03
Uniform,2942,12,6382.01
T-Shirt,4851,6,2707.8
Blazer,4973,29,26515.94
Jacket,1484,25,6334.5
Blazer,4531,23,21697.34
Blazer,4783,30,27455.27
Hoodie,4255,17,12370.75
Jeans,3579,17,6906.76
Kurti,2272,16,3901.28
Uniform,2769,17,6348.13
Uniform,4527,17,9003.62
Jeans,1808,15,3637.78
Jeans,4343,13,8367.79
Hoodie,579,20,1721.56
Jacket,3914,25,18229.23
T-Shirt,3313,5,1742.03
Jeans,715,14,1326.17
T-Shirt,1368,7,717.55
Hoodie,4995,20,16798.04
Trouser,425,10,581.6
T-Shirt,4803,7,2877.87
Dress,1467,16,3546.12
Uniform,228,12,461.5
Jeans,4203,16,8686.36
Kurti,1744,13,2978.54
Jeans,342,17,758.97
Blazer,1599,25,8376.27
Dress,2358,17,5691.37
Hoodie,398,20,1241.85
Jeans,4406,18,9820.45
Uniform,4606,14,8566.88
Trouser,1571,15,2356.77
T-Shirt,4523,7,2343.89
Jacket,362,30,1858.32
Trouser,1752,14,2468.11
Jacket,4915,28,25172.79
Jeans,4455,14,9316.44
Hoodie,465,17,1353.31
Blazer,4733,30,24153.81
Trouser,2929,15,4138.82
Jeans,3264,16,5965.23
Jacket,1046,25,4579.61
Jeans,605,17,1263.8
Blazer,3690,27,18423.01
Blazer,490,23,2439.79
Jeans,772,12,1332.93
Jeans,4622,17,8472.32
T-Shirt,2218,6,1182.54
Jeans,1969,12,3555.55
Trouser,658,12,943.25
Uniform,3815,17,7497.78
Shirt,2255,11,2324.34
Hoodie,356,22,1239.38
Hoodie,3920,21,12786.93
Kurti,4085,16,7689.95
Blazer,2180,26,12214.42
Dress,504,17,1326.67
T-Shirt,846,6,450.79
Dress,373,16,833.24
Shirt,1871,12,1993.8
Jeans,990,13,1797.09
Shirt,1573,11,1595.91
Kurti,1690,12,2928.49
Hoodie,1535,19,4195.32
Dress,2874,18,7406.04
Uniform,3422,18,7271.27
Trouser,3689,13,5444.69
Trouser,3238,11,4382.34
Jacket,3187,22,14809.06
Kurti,1116,16,1824.2
T-Shirt,2413,7,1417.84
Jacket,3099,20,11912.41
Uniform,1617,17,3288.2
Blazer,3962,27,22171.73
Shirt,3615,8,2993.26
Jacket,4306,28,19814.59
Jacket,3603,26,16093.79
Kurti,4343,15,7524.32
Shirt,4370,11,3860.26
Shirt,3282,8,3121.65
Uniform,4569,16,9145.56
Blazer,4900,24,26593.62
Trouser,1973,13,3122.11
T-Shirt,3062,8,1860.13
Trouser,1291,15,1987.52
Hoodie,1119,21,3226.01
Jacket,1562,26,7243.98
Uniform,1867,16,4313.28
Hoodie,1475,21,4976.95
Shirt,3634,8,3459.01
Shirt,3259,10,3303.46
Trouser,781,11,1007.68
Kurti,2256,10,3764.67
Uniform,4491,16,9450.62
Kurti,1727,10,2780.3
Shirt,4253,9,3940.94
Dress,1198,19,2750.15
Trouser,1478,10,1979.98
Jacket,1158,20,4631.8
T-Shirt,4703,6,2681.03
Trouser,4918,10,7462.94
Trouser,2988,10,4142.7
Jacket,1562,21,6384.39
Dress,2168,15,4622.51
Uniform,1133,17,2545.54
Shirt,2747,11,2558.53
Jacket,2768,28,12463.72
T-Shirt,371,7,193.61
Jeans,1781,18,3793.34
Jeans,3360,18,6308.95
Blazer,1240,24,6973.65
Uniform,1287,16,2836.68
Jeans,298,13,559.82
Hoodie,1738,22,5001.37
Kurti,4186,16,7416.7
Shirt,887,11,846.36
Hoodie,1705,18,4878.31
Shirt,3033,11,3090.34
Trouser,993,15,1594.34
Jacket,3532,23,16416.64
T-Shirt,3017,8,1684.39
Trouser,2452,10,3839.7
Shirt,1855,11,1787.37
T-Shirt,3874,5,2295.8
Blazer,4713,29,23981.39
Dress,3297,14,6884.16
Trouser,3653,13,5878.93
Dress,787,18,1985.18
Dress,1744,14,4117.57
Jacket,1435,25,6135.67
Jacket,2430,20,10158.13
Dress,1066,17,2430.28
T-Shirt,789,7,498.9
Blazer,482,22,2421.65
Jeans,710,15,1387.19
T-Shirt,3039,8,1588.87
Shirt,3250,10,3258.73
Jeans,2394,18,4634.18
Jacket,451,23,2002.09
T-Shirt,645,6,304.94
Shirt,2649,12,2385.75
Blazer,4745,29,25619.45
Blazer,3739,25,19282.37
Kurti,1145,12,2004.52
T-Shirt,541,7,350.26
Kurti,1605,15,2764.47
Jeans,1651,14,2888.26
Jacket,1836,24,8746.03
Dress,2821,20,7440.06
T-Shirt,2474,5,1256.65
Shirt,1806,10,1809.04
Uniform,1228,18,2420.74
Shirt,2841,12,2939.42
Hoodie,4384,17,13920.8
Uniform,925,15,2145.74
Jacket,245,29,1203.09
Jeans,3988,15,8319.75
Kurti,2621,15,4756.66
Jacket,2838,25,12351.93
Jacket,4105,27,18212.69
Hoodie,182,21,552.09
Hoodie,710,21,2101.15
Shirt,2259,9,2043.61
T-Shirt,1417,6,791.62
Blazer,1605,24,8777.42
T-Shirt,3648,6,1864.31
Dress,2995,17,7619.84
Uniform,4060,14,8941.26
Shirt,1104,11,1105.63
Hoodie,4803,18,14941.03
Dress,3020,17,7481.39
Kurti,3229,15,5758.27
Hoodie,4586,22,15829.95
Uniform,647,16,1473.42
Shirt,1690,9,1450.91
Hoodie,905,22,2901.38
Trouser,2560,11,3706.73
Blazer,3834,28,22591.32
Hoodie,716,16,2119.42
Jeans,1859,17,3637.87
Jeans,3268,13,6721.79
Uniform,4251,12,8502.03
Shirt,1565,9,1470.7
Shirt,2160,8,2067.23
Kurti,2323,12,3430.88
Blazer,4624,29,23750.18
Kurti,3301,10,4879.58
Jacket,3820,23,18177.21
Kurti,4890,14,8200.61
T-Shirt,2421,6,1257.87
Blazer,3185,22,14833.94
Jeans,4754,14,8314.17
Kurti,2394,12,3480.78
Uniform,4924,13,9611.44
Kurti,3302,11,5690.06
Trouser,4468,13,7093.61
T-Shirt,4762,6,2625.79
Jeans,3801,18,7487.7
Dress,1252,14,2609.35
Dress,2611,15,6279.44
Jeans,3242,12,5671.03
Uniform,4285,17,8801.2
Trouser,167,14,301.11
Shirt,497,11,484.45
Jacket,3041,21,13415.14
Kurti,2059,11,2911.95
T-Shirt,1399,7,831.97
Hoodie,3979,17,12512.49
Dress,2096,17,4648.52
Jeans,4318,17,8830.19
Trouser,1897,13,3008.61
Kurti,915,16,1670.88
Uniform,634,16,1310.1
Trouser,4600,14,7553.47
Trouser,4826,15,7180.71
Uniform,3823,17,8223.49
Trouser,3940,13,5440.73
Uniform,965,13,2033.38
Trouser,741,13,1205.82
Shirt,873,12,935.76
Blazer,2667,26,14884.69
Kurti,2359,13,3601.0
Dress,953,18,2140.26
Hoodie,3191,22,10149.38
Dress,4281,17,11027.38
Uniform,1780,14,3795.0
Jacket,169,24,716.61
Hoodie,2107,16,6017.38
Uniform,209,12,455.94
Uniform,3965,12,7265.09
Kurti,4725,16,7963.77
Shirt,695,10,754.05
Jacket,4064,24,16560.09
Jeans,276,14,590.19
Jacket,3213,22,14476.67
Trouser,1053,12,1514.03
Kurti,2027,11,3473.59
Kurti,3581,15,5492.11
Jacket,3038,29,14421.74
Shirt,3118,11,3366.48
Shirt,4477,9,4241.26
Hoodie,353,19,1140.5
Uniform,2992,12,5461.55
Shirt,754,9,679.44
Trouser,354,13,613.06
T-Shirt,4221,5,2097.23
T-Shirt,4414,7,2309.38
Hoodie,2782,21,9209.01
Kurti,4552,10,6456.8
Kurti,3097,13,4953.83
Shirt,1968,9,1858.23
Uniform,2737,14,6069.27
Jacket,1323,24,6342.03
Uniform,754,17,1512.28
Uniform,1113,15,2492.0
Jacket,4999,28,22971.04
Blazer,672,26,3307.14
Trouser,3234,10,4477.46
Blazer,4624,23,24816.56
Uniform,3507,15,6874.74
Uniform,2515,14,4652.06
Trouser,3857,11,5862.28
Hoodie,997,16,2957.6
Hoodie,2529,22,7999.91
Shirt,4122,8,4024.09
Blazer,3538,25,20198.18
Trouser,3164,11,4558.07
T-Shirt,687,7,373.57
Uniform,4026,17,8742.71
Hoodie,264,20,813.5
Shirt,4257,11,3983.92
Jeans,118,16,253.94
Hoodie,4973,17,14146.43
Hoodie,552,17,1585.23
Kurti,4244,10,6050.36
Uniform,3745,18,8007.48
Trouser,3655,11,4848.82
Jacket,545,30,2562.99
Dress,1948,14,4729.31
Kurti,191,16,327.92
Kurti,1912,11,2929.43
Blazer,4214,22,23360.6
Blazer,651,24,3508.51
Dress,4176,20,9682.33
Dress,472,18,1113.01
Blazer,948,23,5289.59
Uniform,414,15,965.3
Shirt,674,11,703.1
Dress,2910,20,7372.26
Jeans,4624,15,9877.66
Jacket,2432,28,10897.34
Jacket,4209,24,18783.25
Trouser,308,10,411.65
Blazer,2047,29,10991.52
Jeans,3492,16,6535.05
T-Shirt,1645,7,856.57
Dress,2003,19,4543.03
Shirt,778,8,738.99
Shirt,1525,11,1506.93
Blazer,2142,30,11358.52
Jeans,3639,12,7257.76
Shirt,2865,11,2657.8
Uniform,4373,13,8461.95
Hoodie,4781,22,15412.86
Hoodie,2122,22,6089.88
Shirt,3657,12,3816.83
Dress,3528,15,7928.35
Trouser,2361,15,4053.28
Jacket,4005,23,16056.13
Jacket,424,29,1777.49
Dress,3687,16,8618.12
Jeans,1291,17,2507.23
Jeans,913,17,1607.16
Dress,1867,14,3872.17
Uniform,2681,18,5382.9
Trouser,326,13,515.58
Hoodie,1136,16,3070.84
Jacket,4057,22,17462.45
Hoodie,2264,17,6795.99
Shirt,3883,10,3702.03
Jeans,2588,13,4648.92
Blazer,2858,28,16951.77
Dress,1289,15,3278.88
Jeans,3506,15,6253.86
T-Shirt,3961,6,2230.81
Hoodie,2933,21,8402.61
Uniform,4877,14,10404.41
Shirt,186,8,148.27
Shirt,2497,12,2539.75
Kurti,3546,13,6248.61
Uniform,1022,13,1993.66
Uniform,1682,16,3327.08
Kurti,323,11,500.62
Trouser,2028,14,3331.02
Trouser,4224,13,6546.45
Dress,3140,18,7553.3
T-Shirt,546,7,295.21
Hoodie,3044,16,9244.03
Shirt,4405,11,4391.57
Uniform,680,12,1352.69
Uniform,3285,15,6691.67
Kurti,148,16,267.45
Uniform,3152,13,6561.53
Uniform,1707,16,3325.32
Kurti,358,13,614.97
Jacket,307,26,1409.94
Uniform,4001,14,7617.79
Blazer,4651,29,25407.16
Jacket,4566,25,21901.15
Jacket,4983,27,24545.99
Blazer,3442,27,17366.64
Jeans,3033,16,5507.76
Dress,4607,19,10772.59
Kurti,2372,10,3542.48
Uniform,1664,14,3264.43
Jacket,826,24,3922.21
Uniform,3985,13,8346.28
Kurti,3070,10,4320.11
Trouser,736,11,1108.26
Shirt,925,9,918.4
Jeans,4731,15,9515.34
T-Shirt,4823,5,2710.6
Jacket,1936,29,9121.96
Jacket,2658,29,13277.92
T-Shirt,1394,5,743.86
T-Shirt,1853,7,1138.4
Hoodie,2196,17,6118.64
Shirt,2602,11,2533.22
T-Shirt,3359,8,1798.62
Dress,2183,14,5176.61
Kurti,4502,15,7616.12
Jeans,2215,15,4053.76
Jeans,2531,15,5043.61
Hoodie,1408,21,4122.9
Trouser,200,11,220.8
T-Shirt,4125,7,2168.08
Blazer,2358,26,13357.4
Jeans,4335,16,8408.75
T-Shirt,605,6,317.43
T-Shirt,461,5,291.71
Blazer,1152,23,6144.78
Dress,4827,15,10272.69
Blazer,4116,28,21239.63
Trouser,4257,11,5766.71
Blazer,560,25,2872.14
T-Shirt,1215,8,806.87
Dress,1026,18,2745.33
T-Shirt,4774,6,2500.58
Blazer,4581,24,24363.6
Blazer,3862,28,23119.88
Dress,908,17,2048.76
Shirt,2499,9,2245.5
Uniform,867,14,1725.34
Shirt,3242,10,3461.56
Kurti,910,13,1515.77
Uniform,2863,12,5934.45
Shirt,696,11,617.91
Dress,3864,16,9057.63
Jacket,1733,28,8840.54
Trouser,4476,12,6519.19
Hoodie,4747,17,13825.51
Trouser,2019,11,2714.29
Trouser,4424,12,6261.43
Hoodie,3818,17,10506.38
Kurti,3112,10,4713.39
Dress,3122,18,6903.38
Shirt,1877,12,1911.01
Hoodie,3076,17,8949.99
Dress,2705,15,6246.69
Jacket,4853,30,24294.53
Uniform,2097,17,4469.0
Uniform,4106,15,8732.92
Hoodie,1045,16,3113.04
Blazer,1517,26,7750.12
Blazer,4976,23,26478.09
Shirt,4998,10,4418.65
Trouser,3381,10,4503.03
Kurti,220,15,344.01
Blazer,1416,29,7651.51
Jeans,4334,18,9384.73
Uniform,2124,14,4263.97
T-Shirt,2211,7,1210.74
Trouser,4701,15,7696.66
T-Shirt,1560,7,920.4
Kurti,4956,10,7601.58
Uniform,4574,17,9882.64
Uniform,1879,14,4131.8
Shirt,3419,12,3252.41
T-Shirt,3777,6,1875.46
Hoodie,1500,17,4549.67
Jeans,1040,16,2074.18
Dress,759,15,1621.36
Blazer,2884,22,13602.85
Trouser,4079,10,5422.6
Shirt,1328,8,1327.82
Trouser,2968,13,4537.42
Jacket,2363,21,10398.61
Shirt,431,12,450.68
Blazer,2837,23,15055.34
T-Shirt,4409,8,2674.33
Hoodie,627,18,1779.44
Shirt,3834,12,3544.29
T-Shirt,2204,7,1370.21
Jeans,2613,18,5160.87
Blazer,1028,27,5601.8
Dress,1094,18,2704.46
Jacket,958,29,4243.09
T-Shirt,4787,7,2696.56
Trouser,3924,14,6643.43
Jeans,1908,12,3575.71
Blazer,3775,26,18131.92
Trouser,2103,15,3143.79
Shirt,3090,12,3283.14
Uniform,3353,18,7052.74
Uniform,1859,12,3737.15
Jeans,2915,13,5194.77
Shirt,4049,9,4133.3
Blazer,2655,24,15124.34
Trouser,2200,13,2960.78
T-Shirt,3667,7,2069.94
Kurti,2824,16,5200.49
Uniform,3535,13,7340.3
Dress,3962,16,10011.05
Jacket,222,27,1085.9
Shirt,4081,9,3963.23
Trouser,4590,13,7022.02
Trouser,4755,15,7436.59
Jeans,1274,16,2716.24
Blazer,4566,24,21530.15
Uniform,342,12,619.41
Dress,2865,16,7365.58
Shirt,869,12,791.63
Dress,2997,18,6780.14
Dress,1413,20,3177.57
Shirt,655,11,613.19
Jacket,2527,26,11305.3
Trouser,2263,14,3791.66
Shirt,2613,11,2289.46
Jacket,1092,20,4373.24
Jacket,3274,29,14456.16
Hoodie,2623,22,8550.58
Shirt,4681,11,4177.58
Dress,4863,18,11966.71
Uniform,4445,15,8584.94
Hoodie,2922,22,9979.02
Shirt,4598,9,4304.88
Uniform,892,15,1694.55
Blazer,3210,28,16757.87
Jeans,383,16,774.44
T-Shirt,4947,6,2713.96
Shirt,4965,11,5315.05
Jacket,3392,30,15859.34
Hoodie,811,20,2594.78
T-Shirt,4818,6,2540.67
T-Shirt,609,8,365.5
T-Shirt,3041,8,1894.34
Trouser,1877,14,3162.57
Shirt,1404,10,1314.11
Dress,3822,20,9590.71
T-Shirt,1425,6,798.54
Shirt,4035,11,4212.81
T-Shirt,3858,6,2206.46
T-Shirt,4160,5,2294.52
Kurti,2925,15,5150.45
Blazer,1515,30,9267.62
Trouser,3183,11,4264.39
Uniform,3889,18,7922.36
T-Shirt,4251,6,2332.42
Jeans,1993,14,4035.66
Jeans,3818,17,7510.28
Hoodie,495,22,1450.53
Hoodie,4426,17,12926.62
Shirt,1104,12,1131.16
Jeans,444,15,746.67
Jacket,562,20,2466.01
Kurti,1836,16,3431.98
Blazer,1494,24,8372.79
Hoodie,521,18,1734.43
Dress,491,14,1167.05
T-Shirt,2484,6,1409.83
Jacket,1631,29,7644.85
Shirt,1331,10,1281.64
Blazer,1725,28,9212.1
Blazer,2058,30,12047.44
Jeans,3334,13,6026.95
Dress,1441,18,3820.16
Uniform,2903,17,6542.95
Uniform,943,16,2153.29
Blazer,3485,27,17977.44
Jacket,2935,22,11880.69
Dress,2063,15,4451.44
Uniform,3161,17,6756.87
Trouser,3166,15,5126.31
T-Shirt,1167,8,679.05
T-Shirt,1826,7,984.51
Dress,937,16,2284.82
T-Shirt,3915,8,2305.69
Kurti,4747,12,7816.07
Dress,4979,15,11581.27
Hoodie,1635,16,4541.35
Hoodie,3300,16,10465.61
Kurti,1751,16,2740.45
Hoodie,2372,22,7455.59
Blazer,134,25,731.58
T-Shirt,1519,6,905.66
Shirt,1482,8,1259.82
Shirt,1120,12,1181.87
Kurti,3087,13,5426.56
Shirt,3468,10,3600.84
Uniform,4188,18,9762.04
Shirt,2471,9,2552.13
Blazer,4360,28,26119.3
Dress,2677,15,6227.99
T-Shirt,3016,8,1690.62
Jeans,697,16,1240.28
Hoodie,1977,20,5709.04
Dress,4186,14,10124.06
Hoodie,2308,21,6739.77
Jacket,1463,27,6854.04
Blazer,2422,22,13214.35
Dress,2705,14,6228.16
T-Shirt,4925,5,2810.74
Trouser,3490,10,5263.01
T-Shirt,2955,5,1564.06
Uniform,2510,15,5321.15
Jacket,2702,26,13208.52
Dress,4516,19,11310.33
Blazer,3771,30,20627.45
Dress,352,19,872.16
Uniform,3364,15,7647.6
Uniform,3157,18,6779.1
Jeans,1687,18,3621.95
Jacket,812,26,3533.68
Uniform,2533,17,5181.95
Jacket,2978,30,14063.61
Jeans,703,13,1241.21
Shirt,4789,11,4616.94
Shirt,1166,9,1027.32
T-Shirt,4485,8,2564.01
Shirt,3384,11,3484.52
Dress,3575,15,8848.95
T-Shirt,3963,6,2443.16
Jacket,4901,25,22778.73
T-Shirt,1046,7,529.37
Trouser,1261,12,1952.21
Uniform,4033,13,8485.72
Uniform,205,13,438.02
Jacket,842,26,3735.02
T-Shirt,4535,5,2310.77
Jacket,656,23,2828.75
Uniform,398,18,841.87
Trouser,4833,14,7601.03
Jacket,1056,20,4763.55
Jeans,1205,14,2484.63
Jeans,3772,16,6713.89
Jacket,3347,20,14817.59
Hoodie,932,17,2881.91
Trouser,540,14,739.71
Hoodie,4763,22,16502.22
Blazer,4073,28,24063.4
T-Shirt,2847,6,1453.72
Shirt,4364,12,4452.95
Jacket,1789,23,7242.17
Jeans,4641,17,9508.45
Kurti,1229,16,2059.32
Hoodie,4472,16,13223.09
Hoodie,2252,17,6997.89
T-Shirt,2501,7,1493.61
T-Shirt,4787,7,2563.43
Hoodie,2768,18,7704.15
Uniform,2246,16,4653.88
T-Shirt,4717,8,2677.03
T-Shirt,4142,8,2528.58
Shirt,3464,8,3039.87
Uniform,901,14,2000.58
Dress,1877,15,3973.6
T-Shirt,1880,8,1186.01
Kurti,3501,15,5729.03
Kurti,398,13,655.87
Shirt,2989,9,2547.73
Dress,2855,15,6524.39
Hoodie,4340,18,13673.48
Jacket,1198,26,5019.25
Dress,3516,16,8858.47
Blazer,1829,30,11161.79
Trouser,780,14,1216.38
Blazer,3283,23,15668.79
Dress,3327,18,8560.77
Trouser,4577,11,6005.82
Dress,4591,18,12071.09
Blazer,1393,23,7087.75
Uniform,3275,13,6948.55
Trouser,2859,13,4517.29
Trouser,1359,15,2018.53
Kurti,1399,12,2332.93
Jeans,3838,15,7677.17
Kurti,535,13,938.42
Blazer,3687,30,21422.81
Hoodie,2973,18,8133.37
T-Shirt,3248,5,1720.74
Dress,3908,19,10090.99
Jeans,2499,12,4881.71
Shirt,2868,10,2708.96
Trouser,1760,13,2834.48
T-Shirt,2210,6,1404.28
Trouser,1412,15,2361.38
Hoodie,1841,21,5621.78
Hoodie,4183,17,12578.42
Dress,1039,16,2284.93
Blazer,1687,27,8427.66
T-Shirt,3514,5,1967.25
Blazer,1643,27,8018.41
Jeans,1845,18,3885.29
Trouser,109,10,188.75
T-Shirt,4328,7,2525.23
Jacket,2496,22,11516.06
Kurti,1766,10,2903.16
Hoodie,3069,17,9418.74
Jeans,3573,18,7822.18
Jacket,720,30,3639.59
Shirt,2753,11,2460.62
Jeans,367,16,682.19
Blazer,2775,22,14824.18
T-Shirt,4476,7,2767.45
Hoodie,4716,21,14626.85
T-Shirt,1509,6,825.65
Uniform,3090,15,6276.24
Jacket,3570,22,15081.48
Hoodie,596,19,1632.97
Kurti,4557,14,7158.53
T-Shirt,2493,5,1267.19
Jeans,4914,16,9734.53
Uniform,3103,12,6723.66
T-Shirt,3188,7,1799.9
Shirt,4938,8,5020.74
Kurti,1073,13,1914.24
Hoodie,3229,16,8869.05
Hoodie,1281,20,4237.42
Jeans,4296,15,8875.8
Blazer,3914,28,23114.81
Jacket,4637,29,21868.78
Dress,3156,14,7013.66
Uniform,129,18,300.74
Dress,1357,16,3505.45
Uniform,2278,14,4355.86
Jeans,3973,12,7691.39
Kurti,452,13,784.63
Kurti,217,11,330.6
Dress,343,14,842.63
Shirt,3081,9,3033.66
Kurti,3867,12,6180.95
Uniform,1979,16,4157.21
Uniform,3856,15,8291.46
Shirt,4687,11,4561.2
Jeans,2477,12,4953.19
Shirt,3260,8,2900.8
Hoodie,3674,19,10355.14
Trouser,370,15,600.3
Uniform,1812,12,3436.17
Kurti,986,16,1698.04
Jacket,395,25,1637.24
Jeans,4990,14,8841.81
Uniform,3513,15,7998.27
Blazer,1169,29,6364.71
Uniform,3358,18,7107.37
Blazer,3033,28,15497.73
Kurti,2881,12,4650.48
Uniform,1188,15,2639.16
Dress,4590,15,10526.46
T-Shirt,3847,8,2014.7
Dress,4580,19,11220.86
Dress,667,20,1525.96
Uniform,4520,13,9921.35
Shirt,3085,9,3113.44
T-Shirt,676,7,389.14
Blazer,4605,22,23345.23
Jacket,532,27,2633.84
Kurti,1851,15,2844.43
Uniform,3814,12,7798.01
Shirt,4012,8,3688.36
Jeans,4629,14,9257.95
Shirt,1076,9,990.04
Hoodie,3319,21,10708.3
Dress,4933,14,10947.25
Blazer,3744,24,18221.16
Uniform,2208,13,4221.59
Blazer,4432,24,23016.3
Kurti,4842,13,7577.7
Jeans,3463,17,7293.46
T-Shirt,4688,7,2499.28
Trouser,1672,15,2294.31
Jeans,1459,16,2708.62
T-Shirt,3599,8,2062.39
Shirt,1289,12,1238.23
Shirt,2511,10,2383.07
Blazer,2484,28,12610.69
Hoodie,1004,18,2940.74
Jacket,2720,26,12556.95
T-Shirt,865,8,548.12
Kurti,2766,12,4155.49
Hoodie,665,21,2035.3
Jeans,1287,14,2714.4
Uniform,4506,16,9012.84
Kurti,151,11,229.01
Uniform,2379,18,5355.21
Uniform,1174,16,2404.86
Uniform,1146,13,2160.22
Kurti,2333,16,4259.89
Trouser,2432,10,3384.4
Uniform,1981,15,4097.05
Blazer,551,26,3140.54
Kurti,3453,10,5341.18
Hoodie,3620,19,10447.44
Trouser,3857,10,5924.2
T-Shirt,4528,6,2709.7
Hoodie,1430,21,4614.87
Blazer,964,25,5192.89
Uniform,1602,16,3320.57
Trouser,698,14,1039.83
T-Shirt,3141,5,1808.93
Shirt,1731,12,1586.09
Kurti,2603,16,4509.95
Uniform,3044,15,5987.65
Uniform,1284,12,2386.41
Jacket,1506,29,7248.44
Jeans,4207,12,8269.4
Blazer,790,29,4729.28
Trouser,1349,10,1847.53
Kurti,4612,14,8152.59
Jeans,1195,13,2428.58
Trouser,1873,13,3097.65
Uniform,1856,17,3920.46
Shirt,4635,11,4852.35
T-Shirt,834,5,455.12
Dress,1763,15,4349.45
Trouser,4163,10,5697.48
Jacket,1692,25,7935.95
Shirt,3127,8,3094.41
Jeans,196,14,387.06
Blazer,556,22,2756.89
T-Shirt,4399,6,2665.63
Kurti,542,11,948.49
Jacket,486,29,2536.97
Kurti,1818,12,2767.02
Shirt,1052,8,925.01
Kurti,1954,10,3238.98
T-Shirt,3912,8,2477.45
Jacket,1896,28,9320.24
Jacket,3663,28,16905.18
Shirt,3200,10,3015.93
Trouser,1777,12,2431.98
Shirt,2384,12,2153.77
Blazer,794,26,3928.39
T-Shirt,3898,6,2077.85
Jacket,3349,24,15979.93
Jacket,1182,20,5244.53
Blazer,353,28,2051.13
Kurti,4737,10,7633.87
Jacket,4622,21,19794.4
Uniform,3693,18,8041.86
Jacket,3302,22,14322.47
Trouser,1138,12,1578.58
T-Shirt,4681,8,2923.21
Uniform,4454,15,9413.72
Uniform,819,15,1591.33
T-Shirt,616,5,361.46
Hoodie,2486,22,7115.18
Trouser,4418,10,5729.35
Dress,723,20,1967.73
Dress,3872,18,8598.05
Dress,4051,18,10755.94
Dress,2734,14,6894.89
Jeans,1260,13,2382.19
Dress,3640,15,8003.65
Kurti,1179,11,1991.2
Trouser,2947,11,4416.23
Shirt,909,8,759.09
Blazer,3916,27,20014.7
Shirt,1461,11,1313.98
Jacket,1392,26,6945.51
Trouser,3612,14,5795.33
Dress,2688,19,6306.59
Hoodie,3885,18,11890.22
Trouser,784,14,1266.04
Jacket,1809,26,8014.78
Dress,1520,18,3809.96
T-Shirt,4455,6,2550.6
Jeans,169,17,293.71
Jacket,3596,29,16388.99
Kurti,1992,16,3555.12
Trouser,3548,10,5245.96
Shirt,4420,8,3829.92
T-Shirt,4640,7,2683.39
Shirt,4933,9,4701.79
Jeans,124,15,198.59
Jeans,1289,16,2444.94
T-Shirt,4577,6,2489.4
Trouser,3846,12,5694.94
Trouser,4121,11,5607.78
Jeans,3137,13,6143.49
Kurti,4901,11,7662.61
Jacket,2638,30,12376.53
Uniform,935,18,1995.45
Shirt,2638,8,2393.26
Shirt,2515,11,2327.95
Blazer,4439,27,21857.01
Trouser,2690,14,4342.62
Shirt,4954,10,4736.21
Dress,3052,17,7003.71
Jeans,406,14,729.83
Jacket,3209,30,15557.24
T-Shirt,746,5,410.22
Jeans,1604,18,3456.57
Dress,1015,20,2802.86
Kurti,2770,10,3957.75
Jeans,1594,16,3455.6
Trouser,4322,14,6735.96
Dress,3890,20,9891.83
T-Shirt,596,8,338.65
Uniform,1526,16,3153.81
Dress,4450,15,11224.84
Hoodie,577,18,1556.2
Jeans,1546,15,3276.86
Kurti,4250,14,7357.7
Kurti,4929,12,7567.53
Trouser,1245,12,1974.34
Blazer,2509,27,12660.05
Trouser,107,13,188.78
Dress,1387,18,3134.48
Dress,760,17,1888.96
Trouser,3507,12,5173.87
Blazer,4860,23,25706.4
Jeans,1022,13,2092.05
Jeans,1364,16,2572.01
Jacket,3049,25,13617.3
Kurti,2938,12,4546.52
Trouser,2999,14,4929.0
Hoodie,4047,17,11650.42
Kurti,593,12,920.43
Dress,3070,17,6763.02
Uniform,1906,14,3863.22
Kurti,4802,12,7681.76
Trouser,1155,13,1851.9
T-Shirt,1558,6,775.77
Hoodie,3495,19,10503.96
Kurti,3144,10,4444.05
Jeans,4957,18,9965.48
Shirt,893,9,858.95
Shirt,4063,9,3756.04
Blazer,1850,22,9856.66
Jeans,3731,14,7818.12
Dress,173,17,356.56
Dress,4605,16,10529.57
Trouser,1943,11,2730.52
Uniform,431,17,859.87
Jeans,1791,18,3951.24
Uniform,2965,17,5871.17
Dress,4622,15,11121.14
Hoodie,502,21,1557.67
Shirt,3578,12,3654.07
Uniform,3478,13,7392.74
Shirt,4641,12,4859.37
Blazer,4288,27,22645.87
Uniform,1760,13,3480.9
Kurti,4649,16,7651.56
Blazer,2334,24,12509.12
Jacket,4886,23,21396.74
Shirt,2055,10,2020.96
Blazer,3266,22,16477.62
Hoodie,153,22,560.33
Uniform,2507,14,4963.75
Blazer,4836,29,25115.9
Trouser,1216,14,1829.81
T-Shirt,4827,7,2551.73
Dress,1429,18,3196.33
Uniform,2900,17,5954.18
Jacket,3950,25,16037.48
T-Shirt,2165,5,1125.28
T-Shirt,418,5,245.23
Uniform,3811,15,8665.76
Uniform,1235,14,2476.07
Kurti,669,14,1065.57
Uniform,158,14,279.67
Dress,818,18,1991.43
Kurti,2206,15,3936.56
Jeans,1209,13,2094.49
Shirt,3056,12,2908.51
Kurti,584,12,981.15
Uniform,3595,12,7872.26
Blazer,4715,26,23021.9
Trouser,2594,11,3896.07
Jeans,3528,12,6796.51
Hoodie,1152,17,3648.89
Jeans,787,13,1434.6
T-Shirt,3818,8,2270.77
Dress,725,16,1832.07
Kurti,3629,13,6172.76
Jacket,136,29,653.14
Blazer,1994,30,11199.05
Dress,3176,17,7814.92
Hoodie,2829,18,8095.79
Uniform,4341,14,8727.18
Uniform,1615,18,3498.54
Hoodie,3644,21,11075.89
Kurti,2486,14,3838.3
Kurti,139,16,211.64
Kurti,2000,11,3315.64
Jeans,683,14,1307.97
Hoodie,4925,20,16377.96
Dress,207,20,495.32
Jeans,4012,13,7653.93
Dress,3062,16,7911.11
Blazer,1827,29,9291.7
Jeans,691,17,1453.35
Blazer,4543,22,23478.41
Dress,3606,14,8295.5
Shirt,4294,9,4010.39
Uniform,4846,14,9911.39
Jacket,2836,25,13946.59
Blazer,1487,24,8383.88
Jeans,1803,14,3322.73
Kurti,2522,14,4518.53
Dress,1514,18,3501.15
Hoodie,3721,18,10985.82
Jeans,2146,15,4028.27
Blazer,2278,26,12076.44
Dress,734,15,1659.23
Trouser,2014,14,2784.5
Trouser,1351,12,2026.03
Kurti,2704,10,4271.33
T-Shirt,3819,8,1999.38
Shirt,1506,10,1390.78
T-Shirt,2803,8,1750.8
Jacket,2650,30,13864.17
Trouser,1513,10,1951.73
Jeans,3776,17,6999.57
Dress,2960,18,6720.02
Jacket,775,30,3918.64
Uniform,3759,15,8277.04
Jacket,3595,24,17362.38
Hoodie,1572,16,4906.4
Trouser,1218,15,2099.86
Dress,1024,14,2437.14
Dress,3296,14,7155.72
Uniform,3210,16,6331.03
Blazer,3698,26,18390.18
Kurti,4841,16,8367.71
Jacket,1068,30,5447.05
Hoodie,754,20,2314.1
Blazer,392,30,2025.79
Kurti,695,11,1160.47
Jacket,1015,24,4179.27
Jeans,1075,15,2254.7
Hoodie,3567,20,10066.64
Uniform,3698,13,7648.4
Hoodie,192,16,529.54
Jacket,3991,30,18384.9
Kurti,2792,12,4230.3
Jeans,1378,13,2508.25
Shirt,1833,10,1661.1
Uniform,4789,14,9470.08
Jeans,355,18,751.04
Blazer,1960,24,10855.57
Trouser,713,13,1062.65
Uniform,3437,15,7080.38
Dress,4594,16,10395.45
Hoodie,2072,16,6113.02
Trouser,4657,15,7931.18
Trouser,2711,13,4144.61
Blazer,2378,29,13608.55
T-Shirt,2825,8,1815.91
Trouser,2766,12,4514.14
Uniform,862,16,1791.12
Jeans,2604,12,4853.73
T-Shirt,2719,6,1429.21
Trouser,1821,13,2748.65
Jeans,3619,15,6609.42
Uniform,1158,14,2329.82
Jacket,4717,22,21204.88
Hoodie,4730,17,14765.74
Hoodie,4250,22,12504.15
T-Shirt,2167,5,1276.88
Dress,2175,16,4941.97
Dress,200,20,528.69
Shirt,1118,11,1069.77
T-Shirt,3750,7,2251.65
Blazer,4676,27,26424.98
Dress,974,18,2559.49
Kurti,3146,10,4410.53
Kurti,3539,10,5912.89
T-Shirt,2433,8,1536.46
Trouser,2268,10,3039.18
Jacket,2733,27,12483.76
Jacket,940,26,4239.1
Kurti,1087,12,1719.56
Shirt,1238,11,1172.1
Dress,2431,16,5629.28
Trouser,3785,10,5344.57
Blazer,4055,27,19987.14
Kurti,4784,14,7783.22
Hoodie,1694,21,4780.76
Hoodie,2968,17,8096.78
Uniform,1345,15,2674.01
Kurti,640,12,1019.36
Uniform,4456,12,8854.99
Uniform,4419,15,8867.05
Shirt,1636,9,1524.1
Trouser,2063,15,3197.3
Kurti,2060,11,3055.27
Hoodie,4787,22,16252.64
Jeans,3160,18,6223.81
Trouser,1546,14,2412.68
Dress,1339,14,3149.07
Trouser,2479,12,3346.06
Hoodie,472,21,1591.83
Blazer,3527,30,18096.76
Uniform,4449,12,9089.26
Uniform,1136,18,2292.63
Jacket,1242,24,5058.21
Blazer,1729,28,8961.02
Kurti,939,12,1515.59
Hoodie,2037,18,6350.44
Hoodie,4014,17,10910.72
Uniform,2754,18,5608.21
T-Shirt,2244,6,1331.04
Uniform,475,17,870.99
Jeans,3649,13,6406.87
Jacket,643,26,2970.02
T-Shirt,2168,7,1192.65
Shirt,3809,10,3321.2
Jacket,2287,28,9883.16
Shirt,1381,9,1170.93
T-Shirt,3318,8,1941.79
Kurti,2172,10,3204.87
Dress,3962,19,10835.53
Jeans,1226,13,2121.66
Jeans,4235,16,8686.97
T-Shirt,2383,7,1474.19
Hoodie,1562,18,4915.3
Uniform,3635,17,8298.97
Kurti,3680,13,5454.34
Dress,744,15,1667.11
Blazer,1742,26,9389.81
T-Shirt,3849,6,1975.76
T-Shirt,4032,8,2155.21
Jeans,1200,18,2411.82
Jacket,1709,30,8362.8
Trouser,3779,11,5609.92
Jeans,4979,18,10169.03
Kurti,884,14,1514.31
Shirt,3753,8,3472.51
Blazer,3486,26,18814.2
Blazer,3766,22,20511.76
Dress,2497,19,5975.91
Hoodie,695,18,2105.93
Blazer,2343,29,11997.33
Dress,3488,17,8419.21
Shirt,3635,8,3503.52
Shirt,271,8,195.31
Uniform,1985,15,4543.06
Hoodie,3022,17,9516.34
Jacket,2802,20,11437.44
Hoodie,906,22,3080.54
Jacket,4682,25,20014.82
Blazer,546,23,2659.78
Kurti,3542,16,6325.32
T-Shirt,1500,5,799.2
Shirt,804,9,824.72
Trouser,3704,13,5130.65
Dress,3565,20,8326.64
Hoodie,4315,21,14264.22
Trouser,3981,15,6016.49
Hoodie,3439,22,10241.4
T-Shirt,4094,8,2455.18
Hoodie,3791,22,12909.9
T-Shirt,3850,5,2322.18
Uniform,859,18,2054.64
T-Shirt,2215,5,1230.36
T-Shirt,1818,6,1102.47
Shirt,2349,9,2226.51
Blazer,1352,23,7025.34
T-Shirt,2309,6,1333.65
Uniform,4754,16,9706.47
Kurti,1285,10,1841.66
T-Shirt,966,5,522.87
Jacket,464,24,1949.88
T-Shirt,2376,8,1293.55
Uniform,1010,14,2234.58
Uniform,308,13,603.18
Jacket,4822,24,20675.41
Uniform,3455,12,7275.13
Jacket,3823,23,15503.61
Hoodie,2951,21,9915.83
Trouser,3540,14,5082.94
Trouser,1049,14,1635.11
T-Shirt,3043,7,1730.16
Trouser,2315,15,3368.85
Uniform,644,16,1323.73
Blazer,508,24,2426.04
Hoodie,3347,18,10481.43
Kurti,3407,11,5614.1
Trouser,1337,13,2017.85
Kurti,3915,13,6609.92
Trouser,3383,15,4914.47
Hoodie,1856,22,5813.14
Uniform,1075,12,1907.1
Uniform,2045,16,4513.09
Hoodie,945,20,3092.47
T-Shirt,1746,8,931.22
Jeans,456,17,855.3
Jeans,2887,13,5490.78
Shirt,4100,12,4056.17
Dress,1865,16,4868.15
Jeans,1540,18,2974.58
Uniform,2469,15,5520.89
Hoodie,4775,20,14238.37
Jeans,792,14,1655.99
T-Shirt,638,8,356.66
Shirt,1342,8,1391.13
Trouser,3477,15,5828.09
T-Shirt,3726,7,2170.44
Blazer,320,26,1701.93
Jacket,2112,30,10872.92
Jacket,4413,30,21613.25
Dress,243,16,555.61
Uniform,715,18,1687.51
Blazer,3103,27,17879.2
T-Shirt,3981,7,2147.63
Jacket,1183,22,5431.95
Shirt,3057,12,3251.47
Jacket,2189,27,10881.14
Jacket,2098,29,10090.4
Jeans,930,12,1625.17
Blazer,3133,28,18387.8
Uniform,1877,18,3745.51
Kurti,1986,16,3089.32
Dress,2004,17,4848.72
Trouser,3942,12,6258.48
Hoodie,1353,19,3822.65
Blazer,4052,22,18807.59
Trouser,4965,15,7786.45
Hoodie,3483,22,11319.64
Jeans,2053,16,4389.14
Hoodie,2515,20,7838.08
Dress,915,19,2236.17
Hoodie,2529,19,6969.95
Shirt,3697,11,3880.61
Jacket,3385,25,15025.33
Uniform,3192,14,6744.36
Shirt,3917,9,3339.58
Jeans,620,17,1404.23
Jeans,3496,16,7420.61
T-Shirt,3674,8,2281.22
Kurti,3891,16,7167.98
Trouser,575,11,749.57
Trouser,4633,10,6012.08
Jeans,2658,15,4624.96
Kurti,3391,12,5503.93
Hoodie,504,20,1438.42
Dress,4049,17,9835.28
Shirt,1844,8,1618.9
Jeans,621,16,1212.39
Uniform,4976,15,11335.02
Dress,3224,15,7515.32
T-Shirt,470,7,262.99
Blazer,2122,24,10024.58
Shirt,287,12,236.39
Dress,2621,15,6542.87
Shirt,1505,9,1332.02
T-Shirt,1591,6,902.61
Jeans,1643,12,3180.32
Kurti,4129,12,6468.98
Jacket,3870,21,17720.04
Hoodie,783,21,2395.64
Uniform,2886,13,6371.38
Dress,2982,14,6195.21
Jacket,4222,25,18793.89
Jacket,4269,21,16813.15
Hoodie,3537,21,11089.14
Uniform,2523,14,5097.89
Shirt,2023,10,1862.6
Hoodie,4203,16,12091.66
T-Shirt,161,6,50.0
Blazer,4987,28,26803.08
Blazer,4720,26,24486.68
Trouser,4982,15,7624.85
Hoodie,557,18,1797.85
Dress,1840,15,4251.59
T-Shirt,1061,8,603.82
Shirt,3320,10,3167.41
Hoodie,3524,19,10174.23
Uniform,379,13,740.32
Blazer,2989,25,14955.27
Blazer,3899,27,19406.55
T-Shirt,1951,6,1135.7
Trouser,4649,14,7377.74
Jeans,1499,13,3142.94
Hoodie,3778,22,12428.29
Trouser,1508,11,2077.67
Trouser,1318,14,1929.85
Trouser,3847,12,5780.42
Jacket,594,20,2406.89
Dress,145,17,348.6
Uniform,763,16,1514.42
Jacket,2845,21,12081.21
Kurti,4502,13,6782.02
Uniform,2197,16,4434.08
Kurti,4573,13,7954.69
Jeans,1903,14,3819.26
Kurti,4073,12,6734.0
Jacket,3495,28,17399.84
Uniform,4377,17,8998.82
Trouser,4829,13,7402.28
Dress,3375,16,7628.97
Hoodie,492,19,1544.65
Shirt,3438,12,3758.5
Shirt,728,10,704.42
Hoodie,1538,17,4521.66
Blazer,925,25,5321.27
Shirt,4995,8,4193.91
Shirt,3728,8,3419.14
Dress,4196,17,10436.24
Blazer,2369,29,12129.12
Blazer,295,30,1769.6
Jeans,1621,14,3004.41
Jacket,821,27,3497.18
Hoodie,3887,16,11187.29
Jeans,3021,15,6086.7
Dress,371,20,946.39
Jeans,3606,13,6867.54
Shirt,1714,11,1522.48
Uniform,1401,16,2705.14
Blazer,419,24,2280.19
Jeans,1741,16,3589.07
Blazer,1818,24,8504.28
Hoodie,2813,20,9071.32
Hoodie,1065,20,3542.11
T-Shirt,3171,5,1760.66
Hoodie,3504,20,10125.77
Uniform,2677,12,5073.37
Hoodie,4539,17,13540.84
Jacket,2472,27,11867.49
Hoodie,4258,22,12696.86
Jacket,2933,30,14679.95
Uniform,832,12,1566.85
Blazer,2224,25,11401.22
Uniform,284,17,643.1
Blazer,2457,25,12014.07
Shirt,4273,11,3996.06
Shirt,3843,12,4142.08
Uniform,3006,14,6297.44
Shirt,4818,8,4764.28
Hoodie,543,22,1671.45
Uniform,572,16,1123.09
Jacket,2416,27,10278.65
Jacket,1176,23,4828.23
Uniform,4989,15,11010.18
Jacket,823,30,4164.35
Jeans,4688,13,9020.81
Dress,1965,15,4178.66
Shirt,4008,9,3432.34
Shirt,2162,8,1981.66
Kurti,3129,16,5453.11
Trouser,4135,13,6476.38
Dress,1811,16,4149.76
Hoodie,4316,18,12501.76
T-Shirt,1019,5,606.9
Kurti,1312,16,2164.51
Trouser,713,10,984.25
Jeans,4660,17,9042.98
Dress,667,19,1633.47
Uniform,3914,15,7319.72
Blazer,1722,27,8869.12
T-Shirt,3070,8,1802.36
Jeans,2953,16,6393.34
T-Shirt,445,7,227.01
Trouser,406,13,679.93
Jeans,2792,18,5526.43
Dress,4150,14,9704.77
Shirt,3935,12,3975.51
Dress,1143,15,2943.21
Hoodie,2294,20,7457.4
Dress,2902,20,7376.21
Shirt,894,10,856.01
Dress,3889,19,10050.8
Shirt,4129,8,3914.62
Blazer,3025,25,15469.29
Uniform,546,12,1047.73
Hoodie,1451,20,4334.98
Dress,3513,20,8369.57
T-Shirt,657,5,369.39
Hoodie,1756,21,5249.76
Kurti,1547,13,2315.25
T-Shirt,2611,7,1537.06
Jacket,2636,26,11294.42
Jacket,1548,26,7012.67
Jacket,3842,27,17041.37
Dress,4331,20,11697.91
Shirt,2686,8,2658.88
Kurti,1653,16,2685.77
Jacket,127,24,534.87
Dress,1524,14,3809.42
Trouser,659,15,1142.8
T-Shirt,178,5,93.57
Trouser,1584,15,2465.6
Trouser,1650,11,2431.58
Shirt,4822,9,4411.46
Hoodie,4569,22,14453.45
Shirt,467,8,386.15
Jacket,2135,24,10321.86
Trouser,3706,12,5777.04
Trouser,1495,12,2132.42
Hoodie,4448,20,13699.49
T-Shirt,3593,7,1917.76
Hoodie,1280,21,4005.05
Jeans,2308,16,4231.18
Jacket,1808,27,7576.27
Shirt,4564,10,4421.01
Kurti,392,12,612.49
Trouser,4073,13,6236.75
T-Shirt,527,6,312.38
Jeans,4854,17,9787.19
Blazer,995,23,5270.16
T-Shirt,3963,5,2314.21
Hoodie,3483,21,10901.28
Hoodie,846,16,2580.46
T-Shirt,3407,7,2142.36
Uniform,3933,15,8066.3
Kurti,4637,14,7651.56
Uniform,4823,12,10171.82
Uniform,4765,18,10219.16
Uniform,3248,12,5912.31
Dress,2746,16,6725.31
Dress,664,16,1631.04
Dress,2418,16,6118.15
Trouser,1409,15,1981.33
Shirt,2156,8,2236.81
T-Shirt,1675,7,916.54
T-Shirt,1146,5,640.13
T-Shirt,561,6,323.24
Shirt,2625,11,2548.17
Jacket,2433,21,9385.04
Uniform,396,17,793.98
Jeans,4805,17,10430.62
Jeans,1316,18,2658.81
Jacket,3580,28,15305.09
Dress,4970,19,12628.89
Trouser,3914,12,6238.22
Dress,3571,17,8000.04
T-Shirt,105,5,61.66
Trouser,625,11,886.88
Uniform,1238,15,2355.34
Dress,2892,16,7439.59
Trouser,2515,15,3662.5
Hoodie,4200,22,13362.93
Shirt,3320,11,2950.57
Jacket,1099,27,5256.1
Jacket,2191,28,9540.07
Dress,2613,20,7044.1
Hoodie,3703,20,10815.05
Jeans,1031,14,1989.55
Hoodie,3078,19,9784.33
Jeans,3018,13,5534.89
Jeans,1863,14,3265.61
Shirt,3385,10,3315.65
Jeans,4106,16,8462.46
Shirt,1985,10,1825.3
Blazer,4108,30,20662.14
Hoodie,1468,17,4621.56
Shirt,1617,12,1454.17
Kurti,4337,14,7909.8
Hoodie,2315,21,7575.89
Jacket,4380,22,17786.63
Dress,3545,17,8523.07
Hoodie,1806,20,5086.55
Jacket,3051,29,15337.36
Trouser,4695,10,6406.32
Kurti,3425,12,5226.69
Jacket,4474,30,22743.04
Jeans,4950,17,10456.15
Jacket,3916,26,18336.47
Jacket,1661,20,6794.8
T-Shirt,2156,8,1317.35
Uniform,3199,18,7204.48
Shirt,1222,10,1191.3
Kurti,1848,15,3282.13
Kurti,2124,12,3720.85
Hoodie,2568,19,7223.29
Jeans,2532,13,4719.38
Kurti,2170,10,3240.66
Jeans,1014,17,1850.56
Hoodie,1479,19,4324.95
Jacket,4934,29,25473.3
Dress,2576,14,6172.12
Dress,2691,15,6134.05
Dress,709,17,1838.8
Hoodie,2667,16,7022.18
Jeans,2440,13,4266.34
Hoodie,3649,21,11522.09
Kurti,1542,11,2338.16
Jeans,4765,15,9433.43
Uniform,597,12,1217.04
Shirt,4238,12,4617.28
Dress,4754,19,12728.66
Blazer,1736,26,9038.59
Jeans,284,15,589.73
Jeans,2225,18,4178.59
Jacket,1386,29,6305.06
Shirt,1297,12,1239.28
Shirt,2019,11,2198.84
Blazer,3591,22,17797.02
T-Shirt,3883,5,2332.79
Kurti,3282,13,5067.69
Uniform,3197,16,6820.78
Kurti,2865,11,4735.43
Blazer,1811,29,9121.78
Blazer,3131,22,14704.24
Jacket,2922,22,13159.37
Dress,1182,18,2750.03
Dress,2900,14,6112.24
Shirt,2403,11,2434.58
Uniform,3518,17,8006.64
Kurti,4042,15,6880.15
T-Shirt,1611,6,920.18
Shirt,4028,9,3602.75
Blazer,3047,23,16128.46
Uniform,2363,13,4397.94
Jacket,4388,20,18953.17
Hoodie,3541,16,11004.95
Jacket,3822,23,15804.81
Jeans,1997,16,4065.05
Dress,4554,14,10551.69
Uniform,3117,15,6650.94
T-Shirt,4993,6,2595.27
T-Shirt,3601,8,2306.44
Blazer,1227,22,6585.18
Blazer,1961,23,10269.41
Blazer,2387,27,13590.92
Jeans,3471,13,6515.75
Shirt,3180,10,3001.75
Blazer,4279,26,24459.39
Blazer,1696,26,9365.42
Uniform,417,17,884.7
Kurti,3796,15,6216.64
Dress,934,15,2291.28
Uniform,380,14,709.62
Kurti,291,13,504.6
Jeans,406,15,745.04
Blazer,158,30,847.0
Trouser,3298,14,4621.54
Blazer,1874,28,11046.25
Kurti,535,11,835.07
Kurti,1345,15,2477.35
Hoodie,3989,17,12789.35
Blazer,488,29,2651.06
Kurti,1159,16,1980.09
Blazer,4212,30,22084.35
Shirt,528,9,492.93
Shirt,2669,12,2598.07
Trouser,1167,12,1592.23
Trouser,1047,15,1684.75
Jacket,271,22,1092.05
Uniform,288,16,541.46
Trouser,345,13,473.9
Jacket,2226,28,10474.4
Jeans,2407,17,4657.63
Kurti,4552,14,7135.35
Jacket,1404,21,6103.4
Shirt,1265,9,1218.54
Shirt,4226,11,4081.61
Hoodie,1229,16,3618.09
Trouser,1568,13,2329.3
Hoodie,1381,20,4310.73
Uniform,4611,16,9938.56
Shirt,4884,9,4809.22
Shirt,4614,9,4092.29
Blazer,430,24,2408.43
Kurti,2701,15,4834.82
Kurti,1573,16,2978.42
Uniform,3861,17,7582.44
T-Shirt,633,7,355.46
Jacket,3779,29,17728.68
Uniform,1772,16,4029.71
Uniform,4161,18,8547.69
Kurti,4822,12,8090.77
Jeans,4970,18,10681.41
Trouser,1460,11,2141.35
Uniform,1210,14,2579.95
Blazer,586,26,3371.83
Jeans,640,13,1079.85
Trouser,4007,10,5737.09
T-Shirt,297,7,200.65
Dress,432,17,975.86
Jeans,1871,14,3919.25
Jacket,4300,21,18191.12
Blazer,3023,26,15681.98
Shirt,1600,8,1583.59
Uniform,1965,17,4325.55
T-Shirt,447,6,286.0
Kurti,2674,11,3997.53
Shirt,4414,8,3890.87
Jeans,4133,13,7772.74
Trouser,2833,10,3992.02
Dress,3207,18,8434.4
Jacket,340,26,1704.8
Trouser,882,12,1427.97
Trouser,4770,13,6884.99
Jeans,617,18,1209.07
Trouser,4582,13,6649.0
T-Shirt,3038,6,1821.11
Jacket,1987,24,8159.86
Kurti,3704,13,5511.53
Blazer,1572,27,8345.96
Shirt,2715,10,2534.32
Jeans,4600,13,8325.4
Uniform,4205,18,9627.79
Trouser,2169,10,2885.71
Jeans,271,18,528.09
Shirt,3472,11,3532.24
Hoodie,3110,17,8833.44
Kurti,1586,11,2689.78
Jacket,1306,26,5824.53
Dress,338,19,917.74
Blazer,1560,28,8668.37
Dress,2593,17,6049.26
Jeans,1003,12,1797.52
Kurti,789,16,1371.16
Kurti,4481,10,7326.14
Dress,3096,17,7803.36
Shirt,803,12,812.62
Jacket,481,22,1874.77
Shirt,4797,11,4652.23
Trouser,4809,14,7568.87
Uniform,2750,12,5634.38
Trouser,850,14,1349.94
Dress,1717,16,3766.37
Trouser,352,15,548.11
Kurti,1086,15,1790.69
Blazer,4440,22,24177.98
Hoodie,3554,21,11291.13
Jacket,1153,22,5287.59
Trouser,4687,12,6904.15
Kurti,1555,15,2654.37
Uniform,4339,15,9338.42
Hoodie,1414,22,4239.22
Hoodie,4129,17,11571.94
Dress,2712,18,6547.39
Kurti,1890,10,3121.84
Shirt,2481,11,2394.53
Shirt,1265,11,1226.38
Jacket,968,27,4872.36
Jacket,4556,21,20280.79
T-Shirt,1739,6,1055.32
Kurti,332,11,477.3
Dress,2950,14,6303.4
Jeans,416,12,667.47
Shirt,1278,9,1310.19
Dress,627,17,1572.57
Blazer,1432,27,8064.46
Uniform,1940,15,3891.51
Hoodie,4274,18,13879.99
Jacket,3137,29,15715.58
Dress,486,20,1319.21
Dress,1284,19,3515.29
Shirt,2099,9,2092.94
Uniform,2879,15,5721.9
Jeans,4277,15,8141.05
T-Shirt,2541,6,1259.79
Jeans,1596,15,3111.64
Shirt,1014,12,974.47
Dress,1146,17,2605.45
Uniform,4576,16,10402.99
Blazer,4905,25,27554.32
Uniform,353,12,672.84
Jeans,3707,17,6845.59
T-Shirt,2256,8,1410.3
Kurti,2406,16,4391.39
T-Shirt,3985,7,2272.02
T-Shirt,2471,5,1384.48
Jeans,826,16,1624.83
Shirt,3575,12,3302.3
Dress,3158,18,7280.05
Jacket,2748,27,11386.46
Shirt,1920,9,1854.53
Jacket,3057,23,13016.18
Shirt,4930,8,4341.39
Blazer,1279,22,6661.58
Hoodie,1645,21,5479.61
T-Shirt,255,6,162.15
T-Shirt,4978,8,2884.85
Jeans,4503,14,8520.69
Jeans,896,13,1822.17
Uniform,2479,17,4790.25
T-Shirt,1525,6,851.81
Dress,2873,15,7177.28
T-Shirt,1100,7,609.55
Dress,3930,16,9130.2
Trouser,1098,13,1755.4
Hoodie,3984,22,11554.29
T-Shirt,821,6,459.11
T-Shirt,4916,8,2573.99
Dress,2064,15,4665.59
Shirt,123,9,78.71
Hoodie,2642,19,7951.77
Trouser,1405,10,1968.46
Hoodie,3728,19,11760.31
Shirt,738,12,791.09
Kurti,1820,10,2693.55
Jeans,398,16,794.92
T-Shirt,2639,7,1359.24
Hoodie,4404,18,12642.63
Trouser,4957,10,7724.76
Trouser,4351,11,6071.83
Hoodie,2826,22,9333.2
Jeans,3262,16,7056.79
Dress,4011,20,9700.11
Shirt,1933,8,1876.1
Dress,3866,18,9231.95
Blazer,4793,24,22816.61
Trouser,2537,13,3630.56
Shirt,3139,8,2779.37
Jeans,4859,18,10074.59
Shirt,4483,8,4099.11
Shirt,235,9,216.42
Blazer,4671,22,21741.68
Jacket,2265,27,10300.05
Hoodie,3018,17,8752.2
Shirt,1436,9,1342.63
Jeans,4757,16,10267.13
Uniform,1356,18,2909.45
Uniform,2065,16,3966.05
Dress,662,17,1676.1
T-Shirt,284,5,140.57
Shirt,345,10,294.11
Shirt,3133,8,3057.4
Kurti,2142,10,3075.4
Uniform,2696,16,6010.95
Uniform,3703,12,6632.34
Hoodie,1785,17,5173.8
Shirt,2032,11,2017.61
Shirt,2929,9,2709.15
Blazer,4912,22,25511.08
Kurti,2087,13,3125.94
Trouser,3351,11,5385.75
Uniform,4836,17,9586.9
Hoodie,2082,20,6685.91
Blazer,1051,24,5533.1
Dress,950,17,2437.94
Jeans,2904,12,5460.98
Blazer,2995,23,14768.2
Trouser,4860,12,6881.17
T-Shirt,2510,5,1451.78
Hoodie,2465,20,7653.09
Jeans,3171,15,6453.65
Jeans,4127,17,8516.55
T-Shirt,2804,8,1782.59
Uniform,869,13,1886.0
T-Shirt,3595,7,2123.05
Trouser,4030,14,6484.09
Trouser,2519,15,4280.9
Shirt,2864,8,2490.8
Jeans,2067,15,3759.36
Hoodie,282,20,875.56
Uniform,2123,18,4375.51
Shirt,2765,9,2837.95
Hoodie,4033,17,12801.65
Blazer,1737,30,10677.0
Jacket,4182,23,16592.02
Uniform,1815,18,4196.15
Jacket,3339,30,16972.75
Blazer,549,22,2932.63
Jacket,1408,21,6228.62
T-Shirt,4040,6,2371.73
Blazer,2895,22,15698.1
Jeans,2316,15,4057.37
Jeans,4702,12,8041.19
Dress,3277,15,7790.32
Jacket,1276,26,6155.41
Jeans,3662,15,7547.23
Jacket,2888,29,14264.65
Dress,3090,18,6983.3
Kurti,1503,14,2729.98
Dress,2234,18,5015.36
Jeans,2369,17,4929.83
Jacket,2458,27,11380.6
Blazer,4916,29,28135.66
Kurti,4285,11,7043.24
Uniform,1489,13,2745.39
Kurti,1761,13,2794.18
Blazer,2846,29,16439.93
Shirt,2662,11,2501.89
Uniform,407,16,847.54
Jeans,2334,16,4603.32
Jacket,276,24,1278.7
Blazer,3815,24,18391.42
Shirt,297,8,245.86
Hoodie,4267,22,13597.26
Jacket,1369,24,5983.33
Hoodie,3054,20,10040.08
Shirt,729,9,781.73
Hoodie,2086,20,6668.19
Uniform,476,12,926.49
Trouser,3577,15,6042.95
Shirt,2195,8,1920.7
Uniform,2545,17,5322.74
Shirt,1139,12,1216.51
Shirt,4675,10,4661.0
Shirt,4354,8,3918.3
Dress,4627,16,10465.98
Trouser,2689,11,3679.33
Trouser,4099,12,6035.88
Trouser,348,11,447.04
Hoodie,801,17,2432.09
Hoodie,1041,18,3013.22
Trouser,3756,12,6081.11
Shirt,3854,11,3747.36
Dress,4066,19,9418.09
Trouser,2924,12,4743.87
Jacket,1968,27,8279.25
T-Shirt,1002,5,527.76
Kurti,2264,11,3369.82
Blazer,2121,27,12090.25
Kurti,4086,14,6334.71
Uniform,3645,18,7688.73
Shirt,4769,8,4341.45
Uniform,1380,15,3032.59
Dress,2837,18,6741.35
Jacket,3053,30,15787.88
T-Shirt,3062,7,1668.63
Trouser,1486,14,2336.66
Dress,284,15,610.88
T-Shirt,1758,6,971.62
T-Shirt,3238,5,1858.72
Uniform,1717,13,3301.29
Uniform,419,12,866.22
Blazer,681,22,3362.0
Shirt,4996,10,4571.77
Jeans,1648,17,3418.46
Dress,3731,14,8902.78
Trouser,2714,10,3617.12
Trouser,2973,14,4166.53
Trouser,4324,14,6850.73
Jacket,1092,24,5102.04
Jacket,1204,26,5909.56
Hoodie,1053,18,3192.0
Jacket,109,21,434.54
Dress,2849,20,6624.51
Shirt,3873,10,3564.26
Jacket,2868,28,12742.3
Blazer,214,25,1131.8
T-Shirt,1415,6,904.0
Blazer,1996,25,11249.79
Hoodie,2532,18,8288.63
Blazer,164,22,914.86
Dress,1817,19,4930.74
Hoodie,4623,16,14762.2
Hoodie,3095,20,9272.74
T-Shirt,1940,8,1150.82
Jeans,1230,17,2408.53
T-Shirt,2218,8,1321.57
Shirt,3590,11,3620.5
Hoodie,3945,16,11113.48
Uniform,733,16,1691.21
Uniform,4685,14,10518.49
Trouser,4027,14,6792.13
Dress,2046,17,4819.42
Uniform,235,17,497.25
Dress,1665,19,4276.41
Uniform,1128,18,2643.42
Blazer,875,26,4280.53
Jeans,705,14,1260.3
Shirt,2244,11,2054.66
Jacket,3914,21,17666.98
Blazer,4219,26,24003.49
Kurti,3695,10,6227.22
T-Shirt,246,6,138.92
Shirt,4150,9,3658.1
Jacket,829,30,3835.2
Jacket,1138,21,5172.71
Blazer,4940,29,29764.9
Blazer,3645,25,19965.28
T-Shirt,888,8,454.15
Dress,4923,14,10250.74
T-Shirt,639,8,430.56
T-Shirt,2044,6,1195.67
Hoodie,3360,19,10408.98
Shirt,147,12,110.51
Hoodie,4772,18,13642.29
Jeans,1249,18,2507.44
T-Shirt,2131,7,1330.09
Blazer,2256,26,11196.29
Dress,3181,18,7909.42
Jacket,2235,26,9274.12
Jeans,3900,18,7625.43
Jacket,341,25,1418.48
Uniform,4976,12,10109.68
Kurti,2587,11,4036.5
Jeans,4617,17,9414.22
Jeans,4577,12,8502.1
Shirt,2385,10,2541.07
Hoodie,3369,17,9389.46
Trouser,3503,13,5229.03
Shirt,3417,11,3250.85
Dress,3875,20,10296.07
Shirt,2439,11,2449.95
Jacket,3073,26,14040.28
Shirt,3414,11,3500.03
Shirt,4953,11,5326.64
Hoodie,1235,20,3983.27
Dress,1473,20,3680.47
Uniform,1403,14,3149.99
Blazer,4898,28,29367.47
T-Shirt,4121,5,2449.02
Trouser,862,14,1241.73
Kurti,3724,14,5609.11
Jeans,4280,16,8719.86
Jeans,4126,16,8386.16
Dress,4545,15,9834.75
Jacket,2167,26,9883.09
Blazer,2552,24,12233.9
Trouser,2949,15,4424.47
Kurti,932,12,1608.76
Dress,4564,20,10660.91
Blazer,1566,22,7885.34
Blazer,4526,29,24408.21
Kurti,2056,10,3137.14
Jacket,1510,27,7190.36
Jacket,4886,29,22661.05
Shirt,3690,11,3686.7
Trouser,2189,10,3147.41
Dress,3214,16,6933.07
Jacket,3679,29,19173.73
Kurti,1098,10,1791.23
Dress,364,17,891.12
Blazer,3321,22,17065.05
Kurti,1353,12,2229.99
Uniform,4418,12,9319.16
Hoodie,2552,16,7534.96
Shirt,565,12,549.23
Jacket,2045,28,8710.39
Blazer,2882,25,14837.62
Trouser,4177,14,6554.85
T-Shirt,128,6,50.29
Kurti,1797,16,3130.32
Trouser,1833,15,3066.4
Kurti,1885,15,3313.33
Dress,338,14,888.14
Dress,3838,19,8959.99
Uniform,4959,12,10246.1
Jeans,4780,18,9069.06
Uniform,4331,12,8939.68
Shirt,149,10,92.24
Dress,1265,20,3276.16
Uniform,1204,14,2280.89
Uniform,303,12,644.68
Kurti,615,13,1102.92
Trouser,1725,11,2390.92
Uniform,1445,14,2950.56
Blazer,1445,24,7103.37
Jacket,1030,24,4826.68
T-Shirt,1693,5,1058.11
Uniform,1323,17,2748.89
Trouser,4826,14,7657.86
T-Shirt,4849,6,2738.49
Jeans,4360,16,8713.84
Jeans,4539,14,8932.18
Shirt,2218,8,2115.3
Dress,4361,19,10725.76
Kurti,1793,16,2886.74
Jacket,4498,24,18526.26
T-Shirt,150,7,50.0
Trouser,4831,11,6794.06
Kurti,4970,10,7263.04
Dress,1764,18,4281.01
Blazer,4724,26,26519.93
Dress,3422,18,8156.71
Jacket,4752,21,18611.89
Jeans,1076,16,1922.25
Jeans,2196,17,4420.05
Dress,2371,20,5655.4
Uniform,405,15,807.98
Uniform,2768,14,5474.4
Trouser,934,15,1407.05
Trouser,1632,13,2491.27
Jeans,278,12,556.12
Hoodie,2968,22,8573.9
Hoodie,4308,18,12496.5
Dress,3138,19,8245.61
Hoodie,3829,21,13062.09
Kurti,1661,12,2475.5
Kurti,2178,16,3713.87
Blazer,1220,22,5624.25
T-Shirt,4407,8,2636.24
Shirt,597,11,592.14
Blazer,3557,22,16447.11
Uniform,3489,14,6512.71
Dress,2771,17,6626.32
Jeans,2724,15,5163.9
Hoodie,2267,16,7024.71
Kurti,1756,11,2948.42
Blazer,3372,24,18679.76
Trouser,2766,15,4729.25
Kurti,945,14,1751.63
Hoodie,143,19,446.23
Hoodie,2882,19,8411.27
Dress,3230,18,7189.88
Blazer,3730,30,21622.39
Blazer,150,26,790.19
Jeans,4728,15,8846.1
Hoodie,3261,22,11299.59
Blazer,3795,26,18304.71
Kurti,4599,15,7251.37
Hoodie,2324,16,6285.8
Kurti,4368,15,6866.13
T-Shirt,897,7,483.42
Jeans,2362,17,4716.88
Blazer,4274,25,20297.08
Uniform,113,14,327.27
Shirt,3287,11,3104.04
Uniform,377,14,832.99
Kurti,2726,13,4377.33
Kurti,2700,10,4445.78
Uniform,3829,14,7888.96
Jeans,4846,17,9624.53
Hoodie,4781,20,14303.54
Dress,4426,14,9863.2
Kurti,3991,11,6475.1
T-Shirt,4455,7,2559.57
Jacket,1000,20,3935.05
Shirt,2275,12,2433.78
Hoodie,1758,19,5422.69
Dress,1917,20,4518.81
Dress,4366,20,11893.08
Kurti,3124,10,5273.96
Jacket,1770,29,7802.63
Trouser,2752,13,4285.5
Jeans,4550,16,8326.64
Shirt,1996,12,1790.1
Jeans,3877,15,7047.81
T-Shirt,643,5,386.63
Hoodie,1936,20,5398.37
Uniform,4838,17,10261.66
Blazer,3782,28,21366.35
Uniform,4550,13,9859.56
Jeans,1781,18,3681.13
Hoodie,762,20,2438.61
Shirt,2050,8,2055.29
Dress,3130,18,8128.27
T-Shirt,1257,7,734.62
Jeans,3041,13,6303.65
T-Shirt,699,7,446.94
Kurti,2164,16,3401.54
Dress,2395,19,6414.39
Jeans,540,17,1077.96
Kurti,3536,16,5944.17
Shirt,1727,9,1618.42
Trouser,608,10,862.88
Jacket,1945,24,8871.01
Dress,417,19,1052.78
Jacket,2384,24,11311.43
Dress,1188,14,2668.05
Shirt,2790,10,2510.25
Dress,2916,20,7349.21
Hoodie,1497,21,4832.68
Uniform,1129,13,2246.12
Jeans,1078,17,2284.06
Jacket,237,21,1032.71
Jacket,2934,20,12087.9
Hoodie,2689,16,7361.76
Shirt,3339,8,3000.58
T-Shirt,4652,5,2332.64
T-Shirt,1701,8,1014.66
T-Shirt,2539,8,1588.52
Shirt,2953,11,3036.83
Shirt,3111,10,3086.01
Uniform,2799,17,6420.95
Blazer,3986,29,21655.16
Trouser,3079,13,4594.53
Blazer,4541,25,22594.34
Jacket,891,22,4059.3
Trouser,2531,11,3378.66
Blazer,2091,22,10269.81
Uniform,2972,12,5585.19
Dress,212,18,518.16
Shirt,3392,10,2912.6
Kurti,352,13,586.68
Uniform,1755,14,3342.96
Hoodie,540,20,1705.99
Blazer,2877,25,14616.79
Dress,3238,16,7386.44
Hoodie,4683,17,14805.25
Uniform,1235,16,2796.08
Blazer,4425,29,23508.07
Jacket,3343,29,16819.04
T-Shirt,4659,8,2717.56
Shirt,3006,10,3056.87
Shirt,3285,10,3161.97
Shirt,2149,11,1988.43
Dress,605,18,1519.07
Uniform,1671,13,3020.27
Blazer,4474,23,24360.19
Kurti,3476,11,5124.46
T-Shirt,2590,5,1503.97
Uniform,4003,16,8812.77
T-Shirt,3664,8,1936.16
Uniform,2548,13,4985.93
Jeans,932,13,1831.51
Shirt,1938,8,1948.12
Kurti,1405,15,2499.98
T-Shirt,361,5,207.02
Kurti,3237,12,5431.32
Shirt,1496,9,1346.64
Blazer,3821,27,19401.13
Jacket,1016,24,4409.93
Shirt,4089,8,3722.67
Shirt,1421,12,1502.35
Jacket,3512,21,15211.34
Uniform,3581,16,7858.13
Shirt,3822,11,3571.43
Jacket,4950,22,20065.25
Jacket,4212,21,18029.0
Jeans,1727,17,3449.73
Kurti,3847,11,5941.54
Trouser,1707,12,2603.07
Trouser,2102,10,3237.0
Kurti,3093,16,5548.37
Jacket,1656,22,6748.22
Hoodie,4044,18,11067.28
Dress,522,17,1190.56
Jeans,630,14,1221.07
Trouser,1932,11,3169.34
Jeans,179,14,382.84
Hoodie,1223,18,3914.41
Trouser,2723,13,3966.39
Blazer,4706,26,24843.35
Kurti,2228,11,3413.44
Uniform,1941,13,4223.82
Blazer,1171,28,6948.63
Kurti,3828,13,6682.79
Dress,4044,16,9433.32
Jacket,2615,28,11865.57
Dress,216,15,481.15
Dress,2222,17,4954.44
Trouser,2650,12,3812.95
Jacket,2982,21,13932.38
Jeans,1984,18,3950.51
Blazer,2094,28,12316.48
Trouser,2465,13,4036.92
Dress,231,18,545.83
Trouser,960,15,1537.68
Kurti,549,12,847.77
Jacket,3216,22,13408.86
T-Shirt,1335,8,729.23
Jeans,1546,12,2677.25
Uniform,1953,13,4056.04
Jacket,3503,27,15190.55
Jeans,4704,18,10027.18
Uniform,3304,14,6849.28
Jeans,1925,15,3827.49
Shirt,1871,10,1787.39
Kurti,4653,10,7402.8
Blazer,3163,28,15764.37
Jeans,1329,13,2521.59
Shirt,1530,8,1527.64
Hoodie,2918,21,8731.68
Dress,2705,15,6165.71
Uniform,1253,14,2696.95
Shirt,1782,9,1591.99
Jacket,210,27,981.8
Blazer,4964,22,26347.5
Dress,481,14,1040.48
Kurti,2802,13,4191.57
Dress,762,20,1862.47
Hoodie,4780,22,16007.81
Jeans,2817,16,5359.03
Dress,4899,16,12291.46
Uniform,1923,16,3827.77
Dress,967,17,2295.32
Blazer,187,30,996.63
Trouser,1825,12,2549.46
Jacket,1317,30,6001.66
Kurti,4458,11,6911.77
Shirt,197,9,171.94
T-Shirt,142,6,73.54
T-Shirt,2234,5,1091.89
T-Shirt,2492,8,1381.28
Kurti,2095,16,3549.21
T-Shirt,103,6,68.82
Shirt,3371,11,3487.78
Shirt,902,10,790.86
Hoodie,2644,22,8822.31
T-Shirt,4024,7,2050.77
Jeans,1777,13,3579.84
Trouser,1992,10,2589.6
Blazer,4957,26,25999.12
Dress,3725,17,9544.06
Dress,2333,17,5165.81
Trouser,336,11,438.36
Kurti,2723,16,4410.22
Trouser,2559,13,3803.15
T-Shirt,3620,6,1847.42
Blazer,515,24,2517.48
Hoodie,1194,20,3829.34
Kurti,2771,12,4158.37
Uniform,312,18,617.71
T-Shirt,3063,5,1696.32
Trouser,1832,14,2779.34
Jacket,1370,27,6524.9
Dress,4299,20,10895.93
Dress,3209,20,7929.26
Uniform,4942,17,10388.56
Trouser,617,13,984.51
T-Shirt,4617,5,2417.49
Uniform,1344,12,2780.39
T-Shirt,314,7,174.61
Shirt,1682,8,1497.79
Uniform,331,14,770.56
Trouser,4965,12,7658.42
Jeans,1350,12,2645.62
Jeans,737,16,1545.38
Shirt,242,9,228.03
Dress,1560,20,3576.13
Uniform,371,12,708.17
Dress,3274,15,7209.48
Blazer,1694,26,8636.11
T-Shirt,373,6,185.54
Jeans,1358,18,2920.76
T-Shirt,4322,5,2180.69
Blazer,1720,30,9354.35
Hoodie,4228,19,13905.83
Dress,1570,17,3986.6
Trouser,1021,11,1517.59
Jacket,824,27,3637.56
Shirt,4026,8,3898.62
Kurti,4594,13,6937.07
Trouser,3363,13,5431.78
Dress,3742,16,9159.69
Hoodie,2013,16,6375.77
Blazer,1839,24,10392.09
Uniform,3812,16,8464.57
Hoodie,4866,17,13318.42
Dress,2280,18,5669.93
Uniform,2426,17,4791.49
Trouser,1284,11,1850.3
Uniform,1180,12,2467.57
Kurti,1425,11,1976.85
Uniform,1561,14,3342.39
Trouser,4711,14,6715.29
Jacket,3676,24,15801.21
T-Shirt,132,7,70.24
Blazer,4212,29,25586.46
Dress,1501,15,3846.14
Shirt,699,10,587.8
T-Shirt,1987,8,1109.54
Jacket,1844,23,8257.03
Trouser,2039,12,3174.61
Jacket,4918,29,21823.9
Dress,3072,18,7192.76
Jacket,1588,21,6505.46
Jacket,3663,22,15844.18
Shirt,2095,9,2048.12
Dress,4968,15,11053.23
Jeans,4361,12,7407.05
Dress,941,18,2280.45
Trouser,3720,13,5812.82
Jacket,4682,29,22009.03
Dress,1844,19,4457.33
T-Shirt,1733,6,865.81
Dress,1113,17,2880.81
Jeans,1077,17,2215.17
Trouser,1048,11,1430.72
Jacket,2358,28,10485.26
Uniform,2082,12,4434.85
Trouser,3490,12,5370.3
Trouser,2469,12,4047.95
Blazer,787,29,4253.79
Uniform,2224,12,4505.08
Jacket,1386,28,7137.83
Blazer,3457,28,18625.53
Trouser,3643,13,5248.68
T-Shirt,2429,8,1552.81
Trouser,1478,13,2103.41
Jacket,4082,20,17422.89
Dress,4858,20,12990.52
Trouser,4832,14,6778.47
Hoodie,3916,19,12792.97
Trouser,1846,13,2653.81
Jacket,160,30,837.07
Blazer,1830,23,8497.64
Blazer,3065,27,15984.71
Kurti,3353,16,6100.33
Uniform,611,15,1173.49
Hoodie,754,19,2451.16
Blazer,4906,25,23374.61
Blazer,2063,24,11492.4
Blazer,4672,29,28156.71
Dress,3423,15,7421.41
Blazer,339,25,1839.96
Hoodie,2326,16,6475.97
Blazer,249,28,1415.49
Jacket,3101,28,13792.02
Jeans,3978,12,6913.73
T-Shirt,1264,7,764.1
Trouser,3097,11,4303.01
Shirt,1437,12,1337.02
Dress,668,19,1634.17
Jacket,3115,25,13103.58
T-Shirt,3887,5,2069.46
Jacket,4535,22,17881.92
Uniform,4269,16,8383.6
Jeans,1345,17,2493.84
Jacket,2811,25,12946.39
Hoodie,4828,16,13492.97
Dress,4890,19,13309.62
Jeans,3738,14,7750.56
T-Shirt,4283,6,2192.2
Jeans,1977,14,3449.1
Jacket,3364,22,15960.87
Uniform,532,15,1194.08
Blazer,214,24,1186.29
Kurti,195,12,327.18
Hoodie,1801,21,5444.42
Jeans,648,12,1124.69
Trouser,1803,14,2585.55
Blazer,1044,30,6132.17
Jacket,1430,23,6688.19
Blazer,2255,29,12711.85
Jeans,2259,18,4193.15
T-Shirt,4829,7,2477.8
Shirt,337,11,270.74
Kurti,3222,10,4669.96
Kurti,249,12,378.69
Uniform,4369,13,8616.37
Trouser,2363,14,3607.08
Hoodie,1329,21,3711.81
Trouser,846,11,1217.89
Jeans,3618,17,7217.11
Dress,947,15,2232.03
T-Shirt,3064,5,1677.87
Hoodie,3986,22,12760.16
Jeans,684,18,1448.6
Shirt,1848,12,1769.6
Dress,1073,14,2581.98
Jacket,4429,25,19975.56
Shirt,370,12,356.37
Kurti,2839,16,4441.37
T-Shirt,4744,8,2576.17
Dress,1611,15,3423.86
Uniform,1526,17,3407.98
Hoodie,4213,20,11792.13
Jacket,804,26,3565.55
Trouser,3822,10,5911.1
T-Shirt,4107,5,2446.74
Kurti,3336,13,5875.77
Dress,4823,18,11957.1
Dress,2926,16,7222.56
T-Shirt,1454,5,808.18
Blazer,4272,26,21983.32
Hoodie,3426,21,10369.51
Trouser,1169,12,1723.29
T-Shirt,3461,5,1994.57
Uniform,3605,15,7558.44
Blazer,2299,26,13096.47
Uniform,460,17,964.23
Blazer,4043,30,22206.48
Jeans,2623,17,4885.93
Shirt,2421,12,2248.71
Hoodie,583,16,1571.73
Dress,2261,14,5446.03
Jacket,4653,26,21491.94
Shirt,1566,12,1525.46
Jacket,1281,27,5500.36
T-Shirt,3742,7,2277.13
Hoodie,1833,21,5718.16
Shirt,3154,10,3362.78
Jacket,4659,22,19533.9
Shirt,289,8,247.7
Jacket,2648,20,10725.12
Jacket,2800,24,12655.73
Hoodie,3537,18,10020.58
Dress,3821,19,9134.43
Kurti,4202,11,6801.65
Blazer,3321,28,19558.53
Kurti,4529,12,7583.11
Jeans,2128,18,4041.3
Uniform,947,15,2027.37
Jeans,548,18,970.44
Uniform,3351,15,6420.81
Uniform,2916,14,5503.28
Hoodie,3342,21,10982.05
Trouser,977,12,1436.26
Trouser,978,14,1433.64
Shirt,3395,9,3222.57
Blazer,4297,26,23587.87
Uniform,4495,14,10045.02
Jacket,3136,29,14998.86
Uniform,1349,12,2851.49
Jeans,2961,12,5544.2
Hoodie,4842,21,16007.18
Hoodie,4469,21,13569.15
Kurti,231,13,432.5
Kurti,1249,16,2346.34
Blazer,155,22,873.34
Jeans,2976,13,5878.11
Blazer,225,27,1217.37
Dress,694,20,1804.5
Shirt,4305,11,4516.76
Blazer,3490,28,19777.38
Jeans,3559,16,7629.87
Trouser,3336,10,4683.91
Dress,1261,14,2636.17
Kurti,2012,12,3192.28
Hoodie,3704,18,12180.99
Hoodie,3613,22,10831.24
Shirt,1083,12,939.12
Hoodie,2440,20,7259.61
Trouser,4357,13,6715.18
Hoodie,4495,19,13059.89
Jeans,3519,12,5913.76
Kurti,4121,10,6292.45
Uniform,680,12,1302.99
Shirt,2456,11,2435.05
Uniform,4691,14,9030.55
T-Shirt,3027,8,1714.9
Kurti,4390,12,7181.59
Blazer,1622,23,8048.16
Kurti,756,14,1333.63
Blazer,1471,22,7064.21
Uniform,847,13,1795.93
Trouser,4250,13,5762.33
Hoodie,3703,19,12216.71
Jacket,2244,27,10033.12
Jacket,2941,29,13760.03
Trouser,3863,10,5633.53
Trouser,1025,13,1537.46
Shirt,4080,12,4366.57
Dress,2759,14,5976.87
Jacket,3205,20,13487.64
Hoodie,2261,20,6671.64
Jeans,708,16,1452.61
Jacket,345,27,1666.98
Jacket,4007,24,16052.73
Dress,2812,15,6638.23
Shirt,1817,12,1825.64
Jeans,1622,18,3152.27
T-Shirt,338,8,129.82
Jeans,1372,15,2763.42
Kurti,635,16,1185.32
Shirt,1503,11,1579.49
Trouser,4364,14,7017.28
Uniform,2296,15,5230.25
T-Shirt,1344,8,729.12
Kurti,112,15,159.0
Hoodie,3192,21,10989.93
Blazer,1539,26,8804.56
Jacket,324,28,1605.07
T-Shirt,4873,5,2774.57
Trouser,2351,11,3567.74
Jeans,4551,17,8522.17
Trouser,3006,12,4621.62
Jacket,1147,30,5866.89
T-Shirt,4730,5,2722.56
T-Shirt,4805,6,2461.68
Jeans,4900,18,9502.03
Kurti,3436,14,6249.31
Trouser,4926,13,7714.78
T-Shirt,260,5,149.34
Shirt,410,10,396.02
Shirt,3818,11,3930.17
Dress,666,17,1745.29
Trouser,3370,11,4867.06
T-Shirt,1002,8,606.74
T-Shirt,4780,5,2541.6
Hoodie,295,19,836.51
Hoodie,2797,21,8352.85
Shirt,2805,8,2536.51
Jacket,1591,23,6627.41
Jeans,1958,13,3703.49
Dress,4989,19,12402.4
Jacket,4542,24,20849.13
Hoodie,1116,18,3365.8
Uniform,3558,16,6920.12
Dress,4846,19,10950.38
T-Shirt,975,6,515.49
Kurti,3629,14,5842.86
Kurti,2480,11,3641.21
T-Shirt,3589,6,2006.14
Hoodie,3332,22,10593.73
Dress,1400,20,3330.08
Uniform,2629,16,6068.04
Jacket,3355,20,14732.99
Dress,2146,15,4899.68
Uniform,2132,16,4220.37
Blazer,3044,22,15625.3
Jacket,1200,21,4693.31
Trouser,4112,12,5575.35
Dress,3414,14,8610.28
Jeans,4835,18,10697.79
Kurti,1850,13,3054.28
Blazer,1552,24,8047.04
Hoodie,2402,20,7775.51
T-Shirt,486,7,204.32
Blazer,1724,24,9517.66
Jeans,3770,17,6912.72
Jeans,1072,12,2097.4
Kurti,1724,10,2479.87
T-Shirt,4861,5,2847.68
Jacket,4418,23,18451.53
Blazer,2749,29,16661.64
Jeans,4059,17,7925.52
Kurti,3959,12,6982.36
Jacket,1757,22,7354.36
Kurti,784,12,1334.74
T-Shirt,3634,7,1944.24
Uniform,1588,14,3088.05
Trouser,2874,14,4661.26
Shirt,3052,9,2969.14
Kurti,3745,13,6290.43
Blazer,4097,27,23119.23
Trouser,3529,11,5080.9
T-Shirt,1173,7,628.57
Blazer,261,22,1351.0
Hoodie,3611,16,10829.26
Dress,4711,14,11302.09
Jeans,2833,16,5730.33
Blazer,2547,25,12691.49
Kurti,2112,11,3270.08
Shirt,3557,12,3563.57
Uniform,3636,15,8033.26
Trouser,4796,10,6729.45
T-Shirt,2925,5,1439.79
Trouser,629,10,884.09
Blazer,2645,23,13905.01
Kurti,1668,16,3014.08
Trouser,3059,10,4347.76
Hoodie,3339,17,9657.74
Hoodie,141,18,448.31
T-Shirt,3469,6,2020.63
Dress,1220,17,3168.41
Uniform,434,15,921.47
T-Shirt,3627,7,1919.86
Shirt,3666,12,3238.8
Shirt,2891,12,2592.67
Blazer,1604,24,8661.16
Blazer,1407,30,8230.19
Blazer,4910,27,27265.49
Jacket,2323,24,10561.55
T-Shirt,795,5,361.51
Blazer,4368,24,23430.03
Hoodie,357,18,1094.8
Uniform,242,13,477.09
Dress,2174,19,5697.97
Jacket,4667,22,19551.23
Jeans,3548,13,6547.52
Shirt,3713,12,3348.89
Shirt,158,11,160.45
T-Shirt,4425,7,2311.49
Kurti,1707,10,2608.69
Blazer,3537,25,19298.14
Dress,3664,20,8881.25
Uniform,3331,13,6695.77
Uniform,985,12,1867.99
Blazer,653,25,3565.25
Jacket,804,27,3642.72
Uniform,3866,18,8614.83
T-Shirt,1907,7,1126.92
Uniform,2585,12,4703.84
Jeans,1065,15,2026.0
Jacket,3802,28,16754.56
Jacket,4301,28,19470.88
Trouser,3952,10,5531.15
Jeans,2721,18,5487.94
Kurti,1872,16,3434.05
Blazer,1049,24,5522.03
Jacket,1525,20,6505.27
Blazer,2265,29,11576.24
T-Shirt,1131,6,576.3
Jeans,992,13,2076.53
Kurti,721,12,1256.12
Kurti,511,11,891.32
Hoodie,1672,18,4854.37
Dress,4179,17,10203.9
Jeans,4735,18,10102.37
Blazer,3948,27,20130.57
Trouser,3634,10,5154.22
T-Shirt,3354,7,2022.47
Kurti,1386,15,2547.62
Uniform,871,14,1715.42
Hoodie,210,20,603.87
Shirt,4539,8,3855.92
Shirt,1933,8,1756.56
Kurti,2480,15,4503.63
Jeans,4340,13,7442.61
Shirt,1862,8,1519.32
Blazer,2660,23,14321.08
Shirt,1373,10,1479.94
Shirt,1947,9,1918.44
Blazer,3064,28,17492.9
Dress,2708,17,6552.89
Kurti,2602,11,4015.05
Uniform,2648,14,5390.51
Jeans,814,13,1618.33
Kurti,1928,14,3075.77
Jeans,4041,14,8270.11
Jeans,524,15,1027.13
T-Shirt,3900,6,2225.31
T-Shirt,232,5,88.56
Shirt,4062,8,3646.22
Trouser,1691,11,2421.98
Jeans,183,18,379.4
Uniform,1942,15,4177.92
Dress,2996,14,7452.82
Blazer,209,23,1173.93
Jacket,1054,30,5344.2
Trouser,3931,10,5810.51
Dress,3247,19,7781.12
Shirt,987,8,959.73
Trouser,2779,10,4374.17
Jacket,4457,22,17747.31
Jacket,1320,23,6334.1
Uniform,3265,17,6602.5
Blazer,716,28,3871.46
Jacket,1031,29,4623.41
Jacket,2029,28,9670.56
Shirt,3522,9,3353.77
Jacket,881,30,4346.5
Jeans,4587,14,9605.8
Blazer,3622,25,19626.28
Hoodie,3481,16,9679.2
Jacket,4084,23,16600.46
Kurti,2787,13,4151.04
Uniform,2226,13,4261.93
Hoodie,4345,21,14929.39
Shirt,1605,9,1631.22
Blazer,2474,29,13224.42
Trouser,180,11,277.81
Trouser,3614,11,5677.47
Trouser,2452,14,3913.02
Dress,590,15,1262.96
Hoodie,4795,19,15273.03
T-Shirt,516,6,264.41
Dress,3780,16,8564.79
Jacket,3615,25,15034.64
Jeans,4904,18,9373.73
Jeans,2980,16,5455.48
Kurti,3750,16,6598.18
Trouser,1112,14,1582.8
Jacket,3808,26,16671.67
T-Shirt,3557,6,1802.3
Jacket,2434,23,9880.25
Trouser,557,12,889.18
Jacket,3796,23,15570.25
Kurti,1347,15,2475.74
Dress,225,19,507.79
Jacket,2477,23,9843.72
Blazer,912,25,4281.41
Jeans,768,17,1453.35
Shirt,3390,8,3418.91
Kurti,2792,14,4849.62
Shirt,981,11,863.27
Uniform,2677,15,5692.81
Jeans,1376,16,2950.25
T-Shirt,1173,8,662.27
Kurti,3847,10,6074.36
Jeans,745,16,1597.4
Jeans,4770,16,10161.35
Hoodie,318,20,888.93
Jeans,3533,13,6031.23
Blazer,3511,30,18684.74
Trouser,127,12,148.32
Shirt,2185,9,1874.5
Dress,2352,19,5309.73
T-Shirt,3292,7,1986.26
Dress,3979,15,8512.95
Shirt,3424,12,3408.1
Hoodie,4164,19,12120.91
Jeans,765,17,1557.43
Hoodie,653,20,1913.92
Dress,4852,19,11692.09
Hoodie,2836,20,8924.46
Hoodie,184,21,586.62
Trouser,1516,14,2565.53
Hoodie,2662,16,8069.59
Kurti,1962,12,3464.19
Kurti,4386,11,6426.16
Dress,3671,19,8256.53
Dress,657,14,1478.98
Blazer,1460,27,7833.15
Jacket,3817,28,18419.83
Shirt,3977,10,3626.3
Hoodie,4307,19,13762.25
T-Shirt,4485,8,2800.4
Hoodie,2966,16,8692.48
Jeans,4284,18,9028.18
Uniform,4233,12,8619.25
T-Shirt,3172,7,1668.62
T-Shirt,3197,6,1752.94
Blazer,1253,24,7074.74
Trouser,3890,12,5264.64
Shirt,712,10,658.27
Kurti,1543,10,2280.6
Kurti,2180,14,3821.46
Dress,4149,17,9605.55
Jacket,4953,30,22936.99
Jeans,998,18,2148.54
Jacket,4314,20,16893.08
Uniform,4670,14,8966.95
Jeans,1357,18,2511.92
Jeans,1056,17,2370.92
Kurti,2612,16,4340.01
Jacket,2423,28,11039.27
Uniform,2029,18,4791.62
Uniform,1860,17,4314.67
Shirt,1074,9,1041.63
Dress,261,14,600.84
Dress,2997,18,6995.82
Trouser,3305,14,4886.62
Jacket,977,23,4319.8
Uniform,1774,12,3660.94
Dress,413,15,999.71
T-Shirt,3529,6,2091.35
Dress,4946,20,13356.9
Uniform,1839,17,3730.06
Blazer,3223,26,16342.05
Blazer,675,30,3581.53
Blazer,2627,25,14904.03
T-Shirt,1041,7,648.84
Hoodie,933,22,2693.61
Jacket,1165,22,4768.95
Blazer,2700,26,14507.31
Jacket,1615,29,7869.35
Jeans,4247,17,9368.07
Dress,4052,14,8746.83
Jacket,3633,21,14700.58
Shirt,2151,8,1928.37
Jeans,300,15,573.79
Kurti,685,11,1150.67
T-Shirt,4200,5,2267.63
T-Shirt,4758,5,2487.62
Uniform,1310,17,2729.71
Jeans,2026,12,3676.59
Jacket,4238,28,20746.59
Jeans,116,18,223.46
Trouser,2584,12,3951.22
Jacket,3907,28,19819.13
Dress,3273,15,7050.33
Jacket,3282,22,15053.8
Kurti,969,11,1597.4
Dress,3717,15,9136.33
T-Shirt,3815,6,2068.79
Hoodie,2326,21,7492.18
Jeans,266,18,497.66
Uniform,4938,18,10629.21
Blazer,2058,24,10114.22
Kurti,4194,12,7328.06
Uniform,3460,14,7743.57
Hoodie,1961,22,6151.27
Kurti,3948,11,6027.11
Kurti,524,16,986.9
Shirt,2803,12,2668.15
Shirt,948,9,991.2
Jeans,2016,13,3527.59
Trouser,1455,15,2482.39
Jeans,4621,18,8994.83
T-Shirt,4884,7,2919.86
Shirt,4952,8,4901.73
T-Shirt,2987,7,1661.24
Uniform,1537,18,3196.68
Shirt,1597,8,1417.17
Kurti,2843,11,4673.13
Blazer,301,27,1551.65
Dress,2048,18,4629.89
Dress,4151,19,10192.3
Jacket,2798,22,11455.11
Dress,3452,20,8920.75
Uniform,3093,14,6239.58
Hoodie,3198,19,10155.49
Blazer,2690,27,14474.75
Jeans,4497,14,7876.48
T-Shirt,1039,5,573.96
Jacket,2142,29,10568.84
Hoodie,1183,21,3474.9
Uniform,301,13,624.07
Jacket,2096,25,8829.85
T-Shirt,154,7,72.6
Kurti,3470,11,5926.33
Trouser,2710,13,4354.16
Jacket,127,26,490.69
Trouser,3729,13,5523.7
Hoodie,3777,17,10849.01
Trouser,4628,15,7798.88
Uniform,2365,15,5202.08
Uniform,4221,14,9434.94
Jeans,4474,16,9063.32
Blazer,2676,24,14349.47
Jacket,2909,26,12954.78
Kurti,2320,13,3696.52
Jeans,2542,13,4876.67
Dress,1909,20,4778.97
Trouser,4106,15,6052.71
T-Shirt,2397,5,1247.47
Kurti,720,12,1122.62
Dress,1167,19,3151.97
Uniform,1538,15,3256.08
T-Shirt,3471,7,1917.46
Trouser,3914,13,5404.49
Dress,1503,19,3626.0
Uniform,3516,18,7605.07
Kurti,4328,16,7172.53
Jacket,2843,28,11939.64
Uniform,4190,18,9853.69
Shirt,4985,10,4669.51
Kurti,4492,16,6998.64
Dress,3347,20,7617.54
Shirt,2174,8,2119.13
T-Shirt,1048,7,723.65
Jacket,1734,22,7812.78
Kurti,4317,10,6632.2
Trouser,3142,11,4681.7
T-Shirt,2698,5,1421.14
Jacket,3140,20,12479.25
Jeans,454,17,896.4
Uniform,1006,15,1947.6
Kurti,3728,16,6297.73
Dress,2523,14,6262.83
Jeans,566,15,1017.89
Trouser,4130,13,6337.2
T-Shirt,2084,6,1252.84
Hoodie,3775,20,11593.86
Blazer,284,27,1639.28
T-Shirt,154,5,65.42
Jacket,3390,24,16253.53
Jeans,2190,12,4102.3
Trouser,2909,11,4535.98
Shirt,926,9,963.89
Hoodie,3887,18,11151.78
Dress,1733,15,3845.08
Hoodie,1294,19,4094.75
Jeans,1006,18,1975.8
T-Shirt,3925,8,2084.85
Dress,3161,14,6603.73
Dress,4771,14,10527.77
Trouser,3492,15,5522.35
Uniform,2541,13,5143.82
Shirt,1580,9,1453.31
Jeans,4310,12,8312.2
Hoodie,4258,17,13241.46
Kurti,3609,15,6071.47
Blazer,1887,25,9063.2
Dress,3304,17,8007.38
Shirt,2965,9,3081.2
Jeans,2650,12,4936.34
Dress,3369,16,7816.54
Uniform,3600,18,7425.48
Dress,849,18,2143.18
Hoodie,4236,17,12579.71
Shirt,295,10,268.05
Uniform,4229,18,9010.77
Jeans,4817,15,9213.55
Trouser,1780,11,2683.87
Blazer,4057,24,22512.98
Jeans,2043,13,3501.69
Hoodie,1151,17,3687.29
Shirt,2356,10,2060.94
Blazer,2591,22,12272.67
Jacket,4053,25,18919.88
Kurti,748,10,1061.45
T-Shirt,2201,8,1257.4
Kurti,2399,15,4468.18
Kurti,2451,13,3642.07
Jeans,4163,17,8796.68
Dress,3724,14,8777.22
Kurti,4627,14,7012.44
Hoodie,3187,21,10247.31
Trouser,4253,10,6485.8
Blazer,1137,28,6427.74
Dress,4104,19,10002.04
Jacket,4002,20,16818.41
Hoodie,2515,19,6899.33
Shirt,1606,10,1574.93
T-Shirt,1170,7,641.75
Hoodie,4110,19,12637.61
Shirt,4282,9,3870.96
Uniform,552,18,1236.74
Shirt,4500,12,4825.69
Jacket,3602,21,16805.37
Trouser,3298,14,5417.41
Hoodie,3591,18,9734.86
Shirt,4835,12,5235.98
Dress,4307,16,9570.69
Uniform,1359,14,3078.04
Jeans,3302,17,6771.61
Hoodie,4780,21,14005.54
Shirt,1592,9,1496.96
Blazer,1060,24,5552.41
Blazer,2744,28,16362.4
Jacket,1925,22,7800.39
Hoodie,3870,20,12199.96
Uniform,3226,13,6770.5
Jacket,4159,25,19183.37
Trouser,3241,11,5162.18
Blazer,4962,28,26286.29
Jeans,1459,15,3091.06
Blazer,2712,23,13312.22
T-Shirt,2704,7,1647.76
Jeans,3658,16,6659.34
Uniform,3834,15,7545.63
Hoodie,3733,21,12597.92
Jeans,2119,18,4339.19
Shirt,1292,9,1244.78
Uniform,1523,17,3007.46
Jacket,2266,23,9737.59
Jeans,1193,17,2232.57
Shirt,280,11,285.01
Hoodie,1663,18,5219.76
T-Shirt,2457,6,1406.63
Blazer,1117,26,5980.76
Kurti,857,13,1433.25
Shirt,1899,11,1650.24
Blazer,3653,22,16653.47
Jacket,1551,20,6439.07
Uniform,3230,12,6504.75
Dress,1111,18,2642.04
Jeans,3818,12,7575.04
Kurti,1088,12,1860.51
T-Shirt,2177,5,1347.01
Jeans,2595,12,4382.9
T-Shirt,176,5,93.05
T-Shirt,4661,6,2769.06
Jacket,2837,28,12557.0
T-Shirt,3586,8,2016.13
Jeans,522,15,1001.36
Uniform,4987,14,9907.69
Blazer,246,25,1212.52
Trouser,2982,14,4303.78
Jeans,3300,15,6381.26
Jeans,2807,18,6136.88
Kurti,3515,15,6080.89
Blazer,3165,26,17599.95
Dress,3078,19,7823.24
Kurti,4582,10,6487.8
Dress,118,20,329.77
Jacket,464,25,1896.93
Hoodie,4413,20,13980.12
Blazer,955,23,4953.29
Trouser,1942,14,2801.01
Hoodie,4650,21,14225.31
Shirt,4406,10,4090.47
Shirt,1174,9,1163.37
Hoodie,3481,22,10402.48
Dress,1045,14,2285.29
Jacket,2147,24,8648.82
Dress,1757,17,3865.66
Shirt,4053,12,4145.48
Trouser,697,10,968.64
Kurti,3139,11,4573.15
Hoodie,2138,18,6052.37
Shirt,1441,9,1262.98
Dress,2130,19,5368.88
Kurti,717,16,1365.88
Jacket,4302,20,19018.72
Trouser,4979,12,6928.21
Shirt,2773,9,2379.35
Blazer,2689,28,14717.16
Shirt,2650,9,2564.82
Hoodie,2841,17,8747.23
Uniform,1731,14,3703.99
T-Shirt,4018,8,2369.12
Trouser,2122,10,2997.27
Jacket,2611,27,12855.69
Hoodie,4755,18,13333.59
Hoodie,3536,16,9651.41
Hoodie,3511,21,10900.23
Jeans,3614,18,7632.28
Uniform,405,13,866.58
Jeans,1064,15,2125.19
T-Shirt,2352,5,1282.36
T-Shirt,735,7,389.57
Trouser,4323,11,5720.27
T-Shirt,4393,8,2664.13
Shirt,2463,8,2403.98
Blazer,1141,28,6675.69
Kurti,546,11,823.97
Jacket,1434,25,6599.71
Jacket,3279,23,13918.65
Kurti,2203,13,3416.76
Trouser,3021,10,3944.01
Blazer,3576,24,19264.14
Kurti,2657,10,4064.03
Blazer,1497,28,8505.51
T-Shirt,3184,8,2000.65
Kurti,1763,12,2876.33
Kurti,3252,12,4807.41
Shirt,327,9,302.14
Uniform,4583,18,10601.91
Shirt,3635,12,3966.06
Dress,859,19,2146.0
Shirt,1588,10,1607.29
Trouser,559,10,814.43
Shirt,2390,12,2358.56
Jacket,2235,23,10696.67
Blazer,3809,28,20597.9
Uniform,3234,12,6206.78
Trouser,4796,13,7138.56
Uniform,4678,14,9756.86
Dress,2294,18,5566.35
Jeans,2549,13,4417.13
Trouser,4523,10,6241.63
Kurti,2934,16,5082.33
T-Shirt,4642,6,2355.72
Jacket,1731,22,7822.38
Trouser,2427,10,3619.49
Jeans,2042,17,4030.77
Jacket,3994,23,17627.69
Uniform,2300,16,4415.4
Uniform,2975,14,5744.67
Jeans,3339,18,6710.32
Dress,4946,16,12883.07
Blazer,3499,24,17436.89
Jeans,2496,16,5214.61
Dress,3717,15,9346.46
Trouser,2405,13,3561.89
Jacket,698,23,2907.84
Dress,2402,14,5672.5
T-Shirt,1091,6,571.13
Hoodie,1565,22,5159.15
Jacket,1371,24,6134.27
Kurti,1813,11,3035.43
Shirt,3279,9,2817.7
Jeans,3461,18,6667.37
Shirt,3605,8,3453.93
T-Shirt,2388,6,1461.49
Dress,4110,18,9975.24
Jeans,308,16,613.53
Hoodie,4627,17,13753.68
Shirt,738,12,771.3
Shirt,1803,10,1701.94
Blazer,1128,29,6310.99
Jacket,231,28,1107.14
Jeans,2566,13,5132.58
Jacket,1885,22,8694.88
Kurti,3560,14,6377.75
Uniform,4938,12,10191.69
Uniform,3751,16,8437.5
Blazer,117,23,573.59
Blazer,1692,22,8440.67
Blazer,971,24,5224.96
Uniform,692,18,1515.2
Uniform,1939,13,3485.33
Uniform,1065,13,2311.23
Blazer,2127,28,11900.35
Kurti,3187,16,5377.68
Kurti,2874,11,4545.25
Shirt,2869,10,2568.4
Kurti,3333,11,5670.45
Trouser,3039,13,4175.83
Dress,2820,15,7214.84
Dress,3849,17,8505.37
Jacket,1914,28,9862.05
Blazer,1091,26,5855.3
Jeans,995,12,1955.46
T-Shirt,2904,5,1757.45
Trouser,3653,15,5629.78
Trouser,4893,10,7411.06
Shirt,1463,11,1340.67
Hoodie,1364,20,3943.21
Hoodie,2379,19,7284.81
Jeans,2025,18,4468.31
Kurti,2064,15,3263.56
Hoodie,4642,22,15724.83
Jeans,2183,14,4430.28
Jacket,421,28,2053.76
Hoodie,4152,19,13487.47
T-Shirt,1680,8,934.21
Blazer,369,28,2029.66
Jacket,1515,25,6567.88
Shirt,940,11,949.11
T-Shirt,4943,8,2693.93
Hoodie,4340,18,13617.8
Dress,3116,16,6938.62
Jeans,2413,15,4983.97
Jacket,3561,23,16470.79
Kurti,1696,12,2785.28
Jeans,4088,12,7972.99
T-Shirt,2964,6,1800.73
Trouser,1432,13,2080.58
Jeans,2052,16,4027.39
Hoodie,760,19,2475.18
Shirt,915,9,915.07
Uniform,4197,17,8385.09
Uniform,4785,13,8989.62
Uniform,3233,17,7478.04
T-Shirt,2719,6,1584.09
Blazer,4464,25,23121.4
Dress,647,14,1607.02
Kurti,4555,16,7321.39
Dress,435,20,1100.27
Blazer,4050,23,20248.49
Blazer,699,22,3747.91
T-Shirt,855,6,463.31
Jacket,1361,25,6180.58
Hoodie,4925,18,16221.16
Shirt,4163,12,3935.43
Trouser,589,14,920.05
Uniform,1481,15,3150.42
Trouser,1581,14,2232.51
Jacket,1049,20,4061.33
Uniform,1407,17,3246.02
Blazer,1438,29,8034.66
Shirt,2962,9,3081.64
Uniform,2911,16,6604.93
Dress,2821,18,7461.73
Kurti,356,11,463.66
Dress,3754,18,9375.02
Jeans,707,14,1215.86
Blazer,646,22,3408.76
T-Shirt,3221,7,1639.82
T-Shirt,3552,6,2171.18
Trouser,1963,12,3107.76
Blazer,4987,25,28623.59
Uniform,2670,17,6044.55
Trouser,4042,15,6135.69
Shirt,324,11,342.94
Jeans,4252,12,8325.68
Shirt,509,12,476.5
Jeans,2959,12,5391.11
Blazer,844,26,4320.6
Trouser,2774,15,4477.22
Hoodie,3411,16,9214.12
Blazer,4475,29,22646.2
Jeans,1118,17,2110.34
Kurti,2767,10,3934.75
Uniform,2245,15,4841.42
Hoodie,4544,20,14547.64
Kurti,2786,14,4719.37
Hoodie,644,17,1842.47
Jacket,3361,30,17737.78
Trouser,1216,14,1664.77
Hoodie,820,19,2371.97
Blazer,4126,29,21787.12
Hoodie,2105,21,6816.88
Jeans,863,12,1561.88
Hoodie,999,20,3111.87
Jacket,3741,22,14756.26
Dress,2743,17,7046.33
Hoodie,1568,20,5145.19
Jeans,843,16,1824.83
Jacket,2541,24,10316.54
Jeans,3364,16,6944.39
Jeans,3190,13,5676.29
Kurti,4063,16,7216.69
Dress,3295,17,7812.62
Kurti,2467,14,4512.3
Jacket,3603,27,17776.92
Jacket,1468,22,5645.18
Jacket,1942,21,7670.07
Jeans,2293,15,4290.96
Trouser,4282,11,5722.83
Hoodie,2601,18,8125.85
Blazer,2123,29,12867.08
Dress,4218,17,10250.74
Hoodie,2869,20,8777.65
Trouser,2642,15,4179.12
Kurti,2475,16,3834.87
Kurti,784,14,1305.1
Jacket,3187,21,12591.14
Kurti,3194,15,5027.5
Kurti,987,10,1625.9
Hoodie,808,21,2649.43
T-Shirt,2119,5,1127.02
T-Shirt,2514,8,1480.47
Dress,2217,15,5001.13
Dress,3908,15,9877.06
T-Shirt,3282,7,1769.43
T-Shirt,1476,8,903.51
Blazer,2522,24,13538.98
Jeans,1629,17,3479.65
Blazer,3084,24,16959.55
T-Shirt,1711,5,929.19
Jeans,2869,17,5424.58
Trouser,3199,10,4219.96
Kurti,3643,12,5882.53
Hoodie,3336,20,9665.35
Dress,3329,17,7748.38
Jeans,2527,14,4924.84
Blazer,2178,28,12526.73
Blazer,1087,25,5997.16
Shirt,2938,9,2894.68
Kurti,298,14,452.75
Blazer,3465,29,19223.47
Kurti,4530,14,7535.43
Dress,2393,16,5869.41
Trouser,3281,11,5027.32
Uniform,4087,12,8120.83
Trouser,2098,14,3410.16
Jeans,4449,12,8352.32
Jacket,600,27,2834.28
Hoodie,4063,22,11986.97
Dress,2199,16,5110.68
Uniform,208,18,519.85
Dress,4522,15,11342.35
Kurti,1087,13,1923.88
Kurti,2688,15,4361.93
T-Shirt,2619,7,1603.26
Jeans,2524,12,4953.27
Trouser,1108,15,1718.64
Hoodie,229,18,628.54
Jacket,1723,20,7659.1
Blazer,3791,27,19479.62
Jacket,125,22,539.49
Blazer,304,22,1393.43
Kurti,3202,13,5664.09
Kurti,2545,12,3958.1
Uniform,3996,18,8979.36
Jeans,524,14,1146.38
Uniform,2237,12,4567.25
Blazer,521,27,2902.61
Uniform,2200,13,4658.09
Kurti,2522,12,3913.08
T-Shirt,3416,5,1744.96
Trouser,2003,10,2770.92
Jeans,525,13,904.71
T-Shirt,143,7,115.09
Jeans,4294,16,9117.82
Jeans,4263,14,8875.21
Jeans,3039,12,6132.52
Dress,259,19,662.81
Uniform,1113,16,2365.0
Trouser,1408,14,2129.21
T-Shirt,1877,8,1182.84
Shirt,1059,8,1027.97
Blazer,1198,24,6232.39
Shirt,4873,11,4841.75
Hoodie,4577,21,13098.68
Kurti,4654,11,7386.4
Jeans,1215,16,2265.45
Shirt,2151,8,1931.06
Blazer,2915,27,16116.76
Blazer,1673,25,8930.09
Trouser,3690,12,6067.41
Shirt,2944,9,2686.07
Jacket,1169,24,5670.63
Dress,2728,15,6280.37
Shirt,3115,10,3198.77
Hoodie,2676,16,7858.64
Blazer,3472,26,18317.4
Dress,4304,19,9975.48
Blazer,4932,27,26371.91
Trouser,900,12,1392.36
T-Shirt,1593,5,905.08
Hoodie,2991,18,9625.93
Jacket,3419,21,15380.28
T-Shirt,2260,5,1250.5
Dress,4793,18,10580.16
Trouser,2852,10,4216.79
Shirt,1180,10,1249.83
Hoodie,4247,20,13134.23
Hoodie,3184,19,10167.55
T-Shirt,699,5,459.52
Dress,1676,16,3937.6
Kurti,4878,11,7396.07
Jeans,2695,17,5373.37
Kurti,1734,13,2683.01
Hoodie,1455,16,3963.82
Hoodie,4664,17,13905.45
Jeans,4819,16,9501.48
Shirt,482,12,526.25
Kurti,1752,13,3068.29
Jeans,1811,17,3611.84
Blazer,2908,24,16066.18
Uniform,1562,14,3085.2
Uniform,3280,17,7250.46
Uniform,2860,17,6114.98
Uniform,245,15,549.24
Shirt,1386,8,1366.38
Dress,1712,18,4377.45
Trouser,2047,13,3217.56
Trouser,4774,15,7435.59
Uniform,4214,17,8790.74
Shirt,4450,8,4356.28
Hoodie,3984,20,11462.67
Trouser,2266,15,3271.02
Hoodie,3492,22,10729.55
Jacket,1686,22,7464.69
T-Shirt,3298,5,1671.5
Hoodie,3299,18,10380.88
Dress,2495,18,6139.34
Trouser,3758,13,6040.7
T-Shirt,4758,6,2443.15
Kurti,3867,14,5899.95
Kurti,1713,11,2682.49
Jacket,2250,22,8764.01
Blazer,3582,23,18096.92
T-Shirt,3737,7,2296.84
Jeans,692,15,1292.06
Blazer,4278,24,21923.28
Uniform,399,12,922.01
Dress,306,14,643.13
Trouser,2188,15,3448.0
T-Shirt,4821,6,2556.82
Dress,2067,18,5485.52
Jacket,3243,24,15272.63
Trouser,1436,10,1912.47
Uniform,3299,12,6188.53
Jacket,2804,23,13398.54
Uniform,4791,13,10029.74
Uniform,2862,17,5634.36
Jacket,1754,29,8504.31
Trouser,1032,11,1588.92
Kurti,4750,15,7344.43
Blazer,3133,22,15079.84
Jeans,3286,15,6679.9
Uniform,3922,13,8158.13
Jeans,799,16,1620.31
Dress,612,14,1510.69
Hoodie,4594,18,14998.03
Blazer,2868,23,15453.68
Kurti,1719,13,2713.71
Uniform,3826,15,7810.14
Kurti,3911,11,6743.1
Shirt,1081,8,1053.74
Jacket,3394,23,15732.77
Dress,2842,15,6211.84
Dress,671,16,1770.65
Shirt,4778,9,4718.92
Shirt,3432,8,3016.97
Dress,2124,15,5007.98
T-Shirt,1927,7,1101.55
Hoodie,3601,19,10919.48
Shirt,4274,12,4222.23
Jeans,2189,17,4171.17
Uniform,3681,17,7380.07
Trouser,4285,12,6223.58
Hoodie,747,21,2542.07
Blazer,4625,27,23682.59
Hoodie,3117,16,9043.8
Kurti,3674,14,6103.05
Shirt,1102,8,1091.13
Jeans,2085,14,4154.89
Blazer,3655,27,17755.84
Blazer,391,28,2228.24
Dress,677,15,1582.57
Dress,3141,17,6983.99
Hoodie,2709,17,8517.85
Kurti,841,16,1358.95
Jeans,3512,15,6773.53
Hoodie,2044,22,6160.42
Jacket,4681,21,19002.65
Shirt,2271,11,2293.85
Shirt,2160,8,1855.88
Dress,4672,20,11235.25
Jeans,3467,14,6555.96
T-Shirt,4318,7,2300.87
Jacket,515,23,2362.54
Uniform,4071,18,8499.15
Shirt,2001,9,1880.67
Kurti,1841,13,2827.05
Trouser,3296,13,5104.33
Jeans,2571,16,5011.65
Jeans,4360,13,8035.99
Kurti,3960,15,7281.86
Hoodie,1640,22,4960.85
T-Shirt,2061,7,1256.66
Dress,578,20,1554.16
Jeans,389,15,742.85
Trouser,2058,11,3049.16
Uniform,3951,18,8855.15
Trouser,1085,15,1810.16
Dress,2773,19,7310.59
Hoodie,2532,20,7122.99
Kurti,1264,13,1992.91
Jacket,399,22,1606.53
Dress,4975,14,11106.48
Dress,3717,18,8242.98
Hoodie,2992,18,9026.71
Trouser,3429,14,5204.54
Dress,1905,19,4475.3
T-Shirt,4885,6,2833.72
Trouser,3531,12,5330.49
Shirt,1367,10,1390.37
Uniform,2704,17,5875.65
T-Shirt,158,5,105.72
Jeans,2802,16,5572.9
Uniform,596,18,1388.59
Shirt,2434,8,2207.29
T-Shirt,3489,7,2089.45
Shirt,2884,11,3035.83
Hoodie,3823,21,11201.25
Jacket,2254,30,10256.88
Dress,3461,17,9066.95
Kurti,3273,10,5303.54
Kurti,2938,12,4969.3
Kurti,1154,12,1826.68
Shirt,4103,10,3588.37
Dress,3034,17,7690.22
Kurti,4303,16,6778.02
Dress,2563,18,6223.08
Uniform,126,14,228.68
Blazer,4213,30,25940.92
Uniform,2281,12,4341.08
Jeans,3599,13,6897.69
Shirt,2644,9,2715.4
Trouser,1467,11,1932.62
Blazer,3505,25,19754.72
Hoodie,2925,20,8386.73
Blazer,4588,24,21975.52
Jeans,4215,12,7098.69
Uniform,4214,15,8270.17
Jacket,2577,27,11695.88
Kurti,468,11,742.51
Hoodie,1987,19,5841.41
Jeans,1330,18,2943.54
Shirt,1170,10,1250.87
Kurti,4122,10,6562.02
Kurti,2529,10,4323.39
Hoodie,1514,16,4273.34
T-Shirt,2910,5,1539.91
Uniform,446,16,848.59
Uniform,593,15,1210.33
Shirt,3434,8,3037.41
T-Shirt,299,5,203.76
Jeans,4993,17,10414.3
Jacket,3891,20,16685.73
Trouser,3411,15,5767.41
Jacket,4478,21,17978.68
Kurti,2471,16,3917.43
Blazer,4175,26,21412.76
Hoodie,261,22,822.51
Jeans,1957,15,3648.43
Blazer,2256,26,11330.03
T-Shirt,2403,7,1423.91
Shirt,3413,8,3248.56
Jacket,818,26,3333.32
Shirt,163,11,142.25
T-Shirt,2614,8,1671.07
Blazer,1515,30,9016.56
Blazer,2341,28,12132.48
Uniform,3184,16,6989.05
T-Shirt,1707,7,1004.62
Shirt,4921,11,4869.0
Jeans,1445,13,2593.04
Kurti,108,13,289.65
Trouser,3816,13,5310.65
Uniform,3062,12,6473.49
Trouser,443,10,532.21
Uniform,298,12,554.41
Blazer,3141,29,16988.37
Jeans,3370,15,6581.73
Blazer,2281,28,12861.19
Trouser,1121,11,1656.74
Kurti,1471,12,2174.1
Jacket,4374,26,20374.27
T-Shirt,696,5,388.19
Blazer,418,25,2212.61
Shirt,660,9,674.84
Blazer,1254,23,7037.4
Kurti,1320,14,2025.97
Jacket,819,21,3807.88
Kurti,3269,14,5893.72
Uniform,3430,18,7023.99
Dress,1245,14,2823.16
Jacket,874,29,4273.55
Jeans,1089,18,2106.5
Blazer,3059,27,17648.27
Dress,4375,16,10116.29
Jeans,331,15,671.83
Jacket,4478,23,18995.69
Trouser,3105,12,4215.14
Uniform,2839,15,5954.42
Trouser,4790,12,6561.78
Hoodie,1005,17,3186.8
Uniform,4718,13,8832.49
Jacket,1392,22,6219.18
Trouser,654,13,931.8
Uniform,4819,16,10126.09
Trouser,1093,13,1638.77
Jeans,4836,13,9069.55
Jeans,894,13,1594.72
Jacket,3662,27,17639.65
Dress,4306,20,11382.18
Kurti,3547,12,5525.94
Blazer,3848,23,18553.45
Jacket,3667,24,15815.95
Jeans,2439,18,5071.99
Jacket,4852,24,21993.99
Kurti,4127,10,6046.29
Dress,3942,20,10132.5
Jacket,2527,29,12394.3
Blazer,2374,26,12330.29
Uniform,132,14,268.42
Kurti,346,16,607.88
T-Shirt,2062,8,1164.93
Trouser,4559,15,7414.53
Jacket,326,22,1500.36
Hoodie,2173,20,6665.27
Dress,860,19,2124.68
Shirt,3318,9,3227.07
Kurti,4745,16,7711.31
Dress,3763,17,9880.39
T-Shirt,100,7,85.93
Dress,2143,16,5420.04
Jacket,1790,23,7203.93
Blazer,2064,29,10835.16
Shirt,2161,10,2008.68
Jeans,1564,17,3267.65
Hoodie,3287,21,10354.26
Shirt,1602,12,1547.33
Jeans,3162,16,6614.33
Dress,3635,16,9274.94
Kurti,2350,15,3962.24
Blazer,1068,27,5868.33
Trouser,904,10,1326.25
Kurti,4267,13,6491.96
Uniform,200,12,344.24
Kurti,220,15,363.25
Jeans,4513,14,8298.13
Blazer,120,23,579.25
Dress,2651,15,6554.61
Uniform,442,17,1030.92
Jacket,3365,21,13957.27
Uniform,2630,12,5175.55
Trouser,116,15,161.54
Hoodie,879,16,2554.38
Blazer,2569,23,13426.32
Trouser,776,15,1165.03
Blazer,3716,22,19116.49
Blazer,4697,30,23807.34
Hoodie,4416,17,12879.16
Hoodie,1030,22,3509.56
Dress,1371,18,3374.0
T-Shirt,4233,8,2529.46
Shirt,152,11,137.28
Jeans,4130,14,7665.44
Trouser,3422,12,5025.79
Trouser,584,13,849.87
Shirt,3092,10,2897.69
Hoodie,2814,22,8430.01
T-Shirt,4364,7,2571.49
Uniform,4333,15,8540.38
Kurti,2710,11,4465.11
Hoodie,1788,21,5262.81
Jacket,165,23,681.38
Blazer,2117,23,10821.27
Dress,4181,16,10026.88
Jeans,4328,17,8037.48
Blazer,1519,29,8608.84
Dress,4516,16,9984.54
Hoodie,4231,22,14595.89
Trouser,3203,15,4995.61
Trouser,4908,12,6684.51
Jeans,2112,14,3782.99
Jeans,2903,12,5325.63
Jeans,1203,18,2561.45
Kurti,826,10,1215.79
Dress,4809,15,11398.14
Jeans,4137,14,7673.73
Blazer,1047,25,5195.4
Kurti,2639,11,4207.45
Kurti,4189,10,6941.42
T-Shirt,2799,5,1657.57
Dress,3709,20,9621.25
Dress,247,18,611.11
Jacket,1039,23,4436.93
Shirt,1323,12,1372.24
T-Shirt,3485,5,1898.5
Jeans,2117,16,4564.94
Jacket,2568,27,12030.46
Jeans,3956,14,8103.74
Jeans,3001,13,5314.97
Hoodie,771,18,2309.13
T-Shirt,1517,6,750.83
Trouser,3354,14,4997.04
Dress,133,14,304.0
Hoodie,3381,21,11307.52
Dress,1356,15,2985.0
Jacket,3402,25,14099.96
Trouser,4031,15,6000.32
Dress,3313,17,7539.33
T-Shirt,4146,6,2259.2
Jacket,1674,28,7871.67
T-Shirt,3767,7,2391.92
Trouser,4908,14,8140.31
Trouser,3573,13,5913.0
Jacket,3403,24,14808.89
Shirt,601,10,607.49
Trouser,511,11,739.28
Blazer,452,26,2267.89
Hoodie,946,22,2991.79
Jeans,3909,15,7101.53
Dress,3930,16,9208.63
Jacket,3701,25,15170.89
Shirt,1111,9,1092.45
Blazer,4706,25,25468.17
Shirt,3784,10,3780.17
Hoodie,1147,18,3427.92
Blazer,1661,25,8073.6
T-Shirt,2458,8,1500.02
Trouser,1090,10,1661.65
Blazer,1561,29,9451.34
Kurti,2234,16,3682.05
Dress,4693,17,12114.67
Shirt,516,10,552.67
Dress,952,16,2109.58
Uniform,1811,17,4261.53
T-Shirt,2360,8,1403.91
Shirt,668,10,646.0
T-Shirt,817,6,464.45
Hoodie,2585,22,8786.41
Kurti,4330,13,7809.49
Shirt,1421,12,1516.89
Kurti,4091,16,7486.59
Jacket,3093,29,15523.52
Trouser,810,12,1191.85
Trouser,2147,12,2976.21
Hoodie,2110,17,6108.33
Uniform,4094,16,8206.54
Dress,4743,17,11819.78
T-Shirt,1964,8,1132.06
Uniform,802,17,1629.8
Uniform,483,14,1083.73
Blazer,1883,27,10499.81
Shirt,362,12,326.55
Blazer,639,27,3704.06
Jeans,2519,12,4456.26
Kurti,1635,11,2816.92
Blazer,4290,28,21391.27
Blazer,2472,28,13212.24
Jacket,3810,29,17844.7
Trouser,4914,15,7302.56
Uniform,276,13,539.95
Blazer,3852,26,20156.06
Kurti,4855,13,8192.12
Jacket,4058,28,17726.17
Jacket,623,30,3225.19
Jacket,1935,22,8683.42
Jacket,2141,26,10554.49
Hoodie,1727,19,4896.36
Dress,729,14,1747.09
Uniform,2889,15,5775.67
Jeans,364,17,705.88
Hoodie,2806,22,9203.28
Shirt,2494,11,2445.19
Hoodie,3115,22,9952.02
Blazer,2148,23,9892.86
Jacket,3033,29,15430.3
Hoodie,583,21,1779.01
Kurti,878,13,1292.28
Hoodie,3377,17,9972.82
Uniform,1752,13,3455.83
Hoodie,2531,19,6959.04
Jeans,663,13,1277.14
Uniform,1290,15,2891.24
Trouser,2663,15,4402.43
Jeans,1142,16,2232.4
Jacket,587,29,2835.05
Blazer,1267,24,6303.48
Jeans,551,17,1157.46
Jacket,4497,27,22628.68
Shirt,1903,10,1861.25
Trouser,4228,14,6986.72
Kurti,1944,14,3211.43
Dress,1766,14,4055.98
Shirt,2518,11,2448.3
Trouser,3467,11,5269.09
Jeans,2293,12,4539.26
Jeans,3122,13,6151.11
Blazer,4374,26,22783.27
Dress,4188,15,9765.26
T-Shirt,1619,6,929.17
T-Shirt,4135,5,2444.0
T-Shirt,4742,7,2568.97
Uniform,3883,16,8642.13
Jeans,4095,15,8383.21
Kurti,1295,11,1923.55
Dress,1856,17,4071.77
Blazer,2473,25,12786.87
Trouser,2467,11,3716.32
Uniform,1360,17,2773.37
Uniform,2531,12,4818.74
Blazer,1238,24,6129.11
Hoodie,3521,18,10895.56
Hoodie,2300,21,6869.86
Shirt,3425,11,3270.53
Dress,4914,17,12175.64
Jacket,2136,22,10095.18
T-Shirt,3083,7,1759.52
Hoodie,3957,19,12212.52
Kurti,1130,13,1795.67
Blazer,3201,25,17123.62
Trouser,2294,13,3486.55
Jeans,3687,12,6287.27
Trouser,3008,14,4741.43
Blazer,3522,25,20298.01
Trouser,1557,10,2148.18
Uniform,4732,12,8577.79
Kurti,4074,16,7555.72
Kurti,2515,14,4336.36
Blazer,1608,27,8202.71
Kurti,3891,11,6406.45
Trouser,1302,15,2125.77
Shirt,441,9,486.92
T-Shirt,4716,5,2520.42
Shirt,1791,10,1598.58
Jeans,3517,13,7217.19
Trouser,4654,13,7640.13
Kurti,4136,12,7096.19
Blazer,2287,30,12434.26
Jeans,4862,13,8928.68
Hoodie,2546,22,7263.38
Trouser,3937,15,6548.03
Trouser,3113,14,4456.24
Shirt,3446,8,3003.39
Hoodie,4346,16,12479.44
Kurti,3839,12,6383.29
Jeans,3197,12,5467.54
Uniform,1064,18,2166.05
Uniform,4590,16,9814.56
Kurti,2311,14,3932.02
Blazer,1855,25,10383.75
Jeans,3423,14,7100.19
Blazer,1702,28,9982.98
T-Shirt,2011,6,1229.13
Blazer,4870,27,26393.81
Uniform,512,17,1050.34
Uniform,4112,15,8185.19
Uniform,744,14,1598.73
Uniform,3743,18,8804.0
Uniform,1575,14,3205.3
Blazer,642,28,3318.7
Dress,737,18,1811.1
Uniform,4268,12,8986.32
T-Shirt,534,5,282.72
Jeans,3970,17,7800.78
Jeans,3612,12,6551.25
Jacket,3346,22,13332.13
Kurti,1819,16,3294.0
Hoodie,3823,19,12740.81
Kurti,4628,10,6516.81
Jeans,4269,18,8515.87
Shirt,2193,12,2257.83
Trouser,805,15,1323.57
Hoodie,4167,20,13165.83
Jeans,309,14,549.0
Jacket,4354,30,21062.61
Shirt,2544,12,2510.98
Jeans,2964,13,5570.97
Jeans,2673,17,5276.06
Jacket,1561,21,6844.92
Kurti,1990,11,2844.23
Jeans,1017,14,2101.29
Kurti,3166,10,5278.03
T-Shirt,2486,8,1554.3
Uniform,2232,16,4979.58
Blazer,2757,23,13258.64
Shirt,1698,11,1556.43
Shirt,4707,8,4739.39
Trouser,4144,11,6627.1
Jeans,2123,12,4322.23
Jeans,2693,17,4960.74
T-Shirt,1206,6,681.42
Shirt,487,12,467.75
Trouser,2696,11,3872.16
Blazer,3483,27,20133.86
T-Shirt,4765,8,3003.83
Dress,4463,19,10128.5
Jeans,548,17,1029.12
Hoodie,771,20,2414.14
Hoodie,460,17,1416.33
Trouser,3134,15,4892.65
Kurti,3615,11,5775.42
Jeans,1269,16,2762.83
Jeans,1463,13,2649.93
Dress,1984,14,4637.82
Shirt,1990,9,2011.31
T-Shirt,3322,7,1957.47
Trouser,1106,14,1718.24
Shirt,1717,12,1711.4
T-Shirt,1773,5,899.11
Shirt,4453,8,3819.18
T-Shirt,1071,7,677.7
Uniform,4251,18,8609.93
Jacket,4652,22,19089.18
Jacket,909,25,3909.04
Kurti,3084,14,4965.14
Kurti,1933,15,3405.76
Dress,3152,18,7161.28
Kurti,4289,11,6804.8
Jeans,4253,16,7920.86
Jacket,4491,24,21560.14
Shirt,1723,8,1730.82
Dress,3295,14,7876.69
Dress,3448,16,8868.84
Blazer,2792,26,15862.39
Kurti,2794,12,4792.08
Blazer,1640,28,9388.35
Jacket,3468,29,14796.21
Dress,1421,18,3732.71
Hoodie,4250,16,11120.86
Hoodie,2522,17,7990.64
Jacket,4585,23,21453.78
Uniform,1575,15,2900.59
Blazer,4064,27,22462.22
Blazer,1704,26,8148.04
Jacket,651,24,2665.81
Blazer,1224,28,6386.12
Blazer,134,29,674.92
Shirt,1659,12,1516.95
Trouser,4404,12,6849.03
Shirt,679,9,678.99
Jacket,1765,29,8575.83
Blazer,1597,26,9213.53
Blazer,2051,25,9702.52
Kurti,1721,16,2875.44
T-Shirt,4962,6,2952.73
Shirt,4153,10,3765.72
Kurti,3490,15,5584.93
Hoodie,302,17,874.88
Jacket,3950,25,19167.39
Trouser,2144,10,3207.95
Blazer,3930,28,23330.44
T-Shirt,4622,8,2807.3
Shirt,4443,8,4537.65
Blazer,506,26,2589.08
Jeans,2284,13,4611.79
Shirt,4136,11,3983.09
Jeans,613,16,1339.13
Uniform,2302,12,4406.0
Shirt,3266,10,3134.86
Jacket,4728,28,23215.26
Kurti,2047,12,3106.22
Hoodie,2223,18,6884.98
T-Shirt,4048,7,2150.44
Jacket,1306,29,6321.69
Jeans,2978,13,5425.57
Jeans,4602,13,8336.81
Jacket,3679,29,18488.97
Kurti,620,10,939.37
Trouser,2234,13,3549.11
Shirt,2890,9,2881.24
Hoodie,3628,16,10244.26
Dress,821,14,1772.42
Uniform,935,17,1995.29
Blazer,4621,28,27753.03
Blazer,2476,27,14615.51
Shirt,221,10,180.33
Hoodie,3822,19,12158.6
Shirt,4601,10,4503.12
Kurti,1348,14,2225.14
Shirt,851,9,833.33
Trouser,2056,14,3399.38
Trouser,4626,10,6455.08
Trouser,1054,10,1404.99
Dress,3574,14,8613.59
Trouser,442,14,693.56
Jeans,1923,14,3448.07
Jeans,1568,13,3235.38
Hoodie,173,18,568.12
Trouser,4728,11,6566.16
Blazer,1734,26,9358.84
Jeans,2944,18,6372.97
Hoodie,762,19,2166.51
Uniform,768,16,1660.93
Blazer,117,27,639.23
Jacket,2417,26,10708.27
Hoodie,4627,19,14230.9
Uniform,4920,12,9926.3
Kurti,2720,11,3942.98
Uniform,4475,16,9628.74
Jeans,1717,17,3801.2
Uniform,525,15,996.06
Blazer,2477,24,13140.22
Blazer,452,29,2564.14
Dress,1766,18,4516.66
Shirt,2886,12,2844.49
Kurti,4980,12,8040.11
Kurti,2915,12,4809.47
Hoodie,4417,20,14178.31
T-Shirt,2368,5,1436.01
Hoodie,976,21,2935.81
Jacket,4388,25,20747.0
Jeans,3628,12,7116.91
Hoodie,2434,20,7441.02
Dress,4983,20,11792.97
Blazer,2682,25,15083.89
Trouser,386,12,571.57
Jeans,511,13,966.73
T-Shirt,2984,6,1592.2
Shirt,2482,8,2213.44
Dress,4180,20,10922.39
Kurti,2865,12,4337.03
T-Shirt,266,5,151.36
Shirt,1985,8,1950.2
Kurti,3677,13,6303.23
Jeans,3232,15,5764.22
Shirt,3254,12,3113.52
Uniform,1517,12,2875.63
Dress,2984,17,6852.18
Jacket,3244,30,14390.37
Shirt,2191,12,2077.66
Jacket,1153,29,5106.44
Jacket,352,20,1349.68
Jacket,836,23,3767.1
Uniform,2022,18,4086.59
Blazer,4237,26,20755.92
T-Shirt,1800,8,970.95
Dress,2398,15,5321.5
Uniform,2239,15,4401.75
Jacket,2303,24,10958.87
T-Shirt,3790,8,2078.53
Blazer,3874,25,21550.15
Jacket,2186,28,9771.27
Blazer,2387,23,11651.86
T-Shirt,2883,6,1486.5
Blazer,403,29,2110.85
Hoodie,4404,22,13295.89
Shirt,1969,9,1694.41
Jeans,3328,15,6846.81
T-Shirt,197,6,150.22
Shirt,360,11,369.55
Blazer,3021,27,16481.64
Jacket,3852,25,18286.93
Shirt,4461,10,4476.34
Shirt,2527,8,2334.61
Kurti,3580,11,5888.4
Trouser,1682,11,2203.87
Trouser,4298,12,6011.1
Kurti,1425,10,2403.67
Trouser,3186,11,5063.57
Dress,3368,16,7657.07
Blazer,3837,30,20009.14
Dress,4221,20,10092.1
Jacket,736,25,3250.68
Kurti,4197,15,7303.1
T-Shirt,4209,7,2192.55
T-Shirt,386,8,205.99
Uniform,2873,14,5332.73
Blazer,2356,24,12731.17
Jeans,2372,18,4571.94
Hoodie,1392,21,4438.89
Blazer,4420,30,24816.6
Blazer,2068,30,12106.38
Kurti,1394,16,2646.35
T-Shirt,3737,6,2037.47
Uniform,4476,15,9770.93
Jacket,2549,28,12772.61
Kurti,4129,14,6465.96
Blazer,2598,28,13651.87
Jacket,4072,28,18742.47
Jeans,3852,15,6831.25
Trouser,2502,13,3889.53
Dress,827,17,1887.55
Jacket,2993,24,12958.25
Jeans,3660,15,7345.05
Shirt,3814,11,3705.71
Kurti,2620,15,4314.81
T-Shirt,2868,6,1690.7
Hoodie,462,17,1421.49
T-Shirt,4744,8,2789.9
Uniform,3951,17,8285.04
T-Shirt,2022,5,1101.13
Kurti,1228,11,2058.35
T-Shirt,4073,5,2237.63
Jeans,2938,14,5445.0
T-Shirt,641,5,378.14
Kurti,3062,12,4731.05
Shirt,228,8,182.73
Jeans,2378,14,4647.57
Kurti,1710,13,2558.05
Uniform,1360,18,2976.97
Trouser,3610,10,5001.6
Dress,793,15,1757.64
Trouser,1130,12,1547.45
Trouser,1996,15,2985.86
Dress,592,16,1476.49
Hoodie,4335,21,14752.72
Jeans,705,16,1218.19
T-Shirt,1635,6,921.75
Jeans,2147,13,3823.47
Hoodie,3739,21,11325.81
Kurti,3632,10,5355.02
Dress,1839,18,4383.66
Kurti,3783,10,6318.72
T-Shirt,1216,5,731.36
Hoodie,2744,18,7520.57
Jacket,887,24,3664.25
Shirt,2591,8,2474.64
Hoodie,1326,17,4276.16
Jacket,1013,28,4518.63
Hoodie,2376,22,8008.38
Hoodie,3843,16,11033.03
Jeans,1160,17,2173.65
Hoodie,2179,16,6697.16
Hoodie,934,22,2832.64
T-Shirt,4338,7,2646.34
Jacket,128,24,503.0
Shirt,4114,12,3994.82
Jacket,304,22,1336.1
Jacket,2817,25,12145.94
Jacket,2196,29,10784.51
Jeans,1445,18,3145.6
Shirt,2780,8,2726.69
Uniform,717,16,1357.48
Trouser,2415,12,3427.78
Hoodie,1103,16,3033.26
T-Shirt,3334,7,1987.74
Trouser,2498,13,3570.66
Dress,2061,18,5338.51
Dress,4001,20,9130.89
Shirt,1528,10,1449.58
Trouser,1599,13,2334.91
Trouser,2615,10,3909.98
Shirt,3027,9,2869.96
Blazer,1258,30,7025.81
Hoodie,3377,21,10635.37
Blazer,3727,25,19929.72
Kurti,670,14,1146.8
Shirt,736,10,724.9
Shirt,2392,8,2324.82
Shirt,1380,8,1246.43
Jeans,3532,14,6743.53
Uniform,4352,12,8560.31
T-Shirt,2856,5,1630.01
Jacket,3160,21,14576.13
Kurti,3050,14,4668.75
Hoodie,4965,16,15057.4
Trouser,4785,12,7265.98
Blazer,2720,22,13557.88
T-Shirt,2372,6,1372.53
T-Shirt,1465,5,755.47
Jeans,3670,16,7713.13
Hoodie,1281,16,3940.33
Trouser,3099,10,4484.48
Jacket,2619,21,12136.08
Shirt,3828,9,3477.69
Jeans,2103,18,4293.24
Jacket,2013,25,9853.83
Shirt,2963,10,2652.9
Uniform,4350,18,8567.42
Shirt,1774,10,1763.62
Blazer,2021,27,11038.86
Hoodie,4960,20,14959.07
Jeans,326,17,669.48
Trouser,4058,15,6569.48
Blazer,1752,27,8846.57
Kurti,3558,15,5991.25
T-Shirt,2800,7,1623.83
Hoodie,1604,19,5287.59
Dress,4958,15,12438.71
Uniform,2819,13,5557.79
Jacket,112,30,532.98
Trouser,4634,13,7146.43
Blazer,3398,26,16391.44
Blazer,2785,24,14289.02
Dress,3299,19,8634.52
Jeans,342,18,729.35
Blazer,1940,30,11410.76
Blazer,2578,27,14616.74
Dress,1399,18,3304.13
Hoodie,3633,22,12420.75
Kurti,4338,13,6664.99
Shirt,1517,9,1578.65
Blazer,3025,26,14794.61
T-Shirt,3744,5,1993.95
Blazer,4200,26,22427.47
T-Shirt,4897,5,2877.36
Dress,4976,16,11896.27
T-Shirt,3479,7,1854.51
Jacket,3472,28,15654.4
Jacket,2912,28,13348.53
Trouser,4185,14,6882.13
Uniform,1933,16,4018.09
Jeans,1390,13,2787.68
Jacket,1492,24,7214.25
Trouser,1801,12,2616.74
Hoodie,2078,17,5973.47
T-Shirt,2770,5,1558.42
Dress,1098,16,2460.86
T-Shirt,3494,6,2051.03
Dress,726,14,1542.67
Uniform,4868,16,11259.48
Kurti,190,13,323.6
Dress,3790,15,8294.17
Blazer,176,22,951.5
T-Shirt,2321,6,1246.01
T-Shirt,4026,5,2321.66
Jacket,322,30,1423.6
Blazer,1165,26,6214.8
Jacket,288,23,1129.46
Blazer,3246,28,16658.67
Jacket,2317,21,9362.84
Dress,4243,17,10957.33
Trouser,1860,14,2606.34
Dress,3654,14,8482.18
Trouser,488,14,715.86
Jeans,535,13,990.76
Hoodie,2968,17,9449.33
Dress,4066,18,10620.58
Jeans,1238,16,2407.93
Jacket,2769,28,13377.63
Dress,2522,19,6404.11
Uniform,2924,17,5988.5
Jacket,4642,27,21873.94
T-Shirt,1855,5,907.1
T-Shirt,1303,7,719.71
Shirt,3846,10,3506.1
Hoodie,1101,21,3695.72
Jacket,738,26,3163.17
Jacket,3375,20,15069.25
Dress,4085,18,10358.67
Trouser,4241,11,6438.73
Kurti,3261,10,5580.49
Trouser,4860,13,7004.3
Blazer,1408,26,7424.88
Kurti,4745,16,8417.29
Hoodie,1830,19,5775.37
Dress,2037,17,4860.18
Jeans,2801,13,5584.97
Hoodie,4036,18,12733.02
Blazer,3866,30,20301.79
Uniform,3099,13,6110.12
Uniform,3067,14,5932.4
Hoodie,421,18,1140.8
Trouser,4820,15,7797.77
Kurti,4670,11,7292.19
Hoodie,3919,22,12001.71
Blazer,934,27,4532.01
Hoodie,2068,20,6881.59
Blazer,4439,26,22958.14
Dress,957,16,2042.33
Jeans,905,16,1950.61
Jeans,2142,16,4052.71
Jacket,1846,26,8662.89
Shirt,4096,10,4146.91
Trouser,2787,12,3904.12
Hoodie,4164,21,12843.67
Trouser,3929,13,6515.44
Shirt,1776,10,1707.47
Jacket,1339,30,7009.37
Uniform,479,16,905.29
Jeans,2356,16,5090.03
Shirt,374,9,384.38
Kurti,3022,10,4613.92
Jacket,210,23,925.72
Blazer,651,27,3224.92
Kurti,1160,13,1949.21
Hoodie,2286,17,7130.59
Hoodie,1264,17,3391.71
T-Shirt,550,7,345.5
T-Shirt,1384,8,912.95
Uniform,1000,18,2035.57
Jacket,2007,22,8118.9
Trouser,4069,10,5635.51
Kurti,1847,16,3227.66
Trouser,837,14,1396.43
Jacket,4518,24,19421.97
Shirt,1315,10,1303.71
Jacket,3151,24,13372.86
T-Shirt,1187,8,749.75
Hoodie,3003,16,8440.69
Shirt,462,12,474.82
T-Shirt,1806,7,945.37
Kurti,1889,16,2895.12
T-Shirt,2563,5,1450.94
Dress,4097,20,10020.65
Jeans,4771,17,9620.55
Dress,4126,19,9332.23
Jeans,2201,12,3995.77
Hoodie,2624,21,8970.73
Shirt,3721,12,3361.88
Hoodie,2001,18,6048.58
Jeans,3723,18,6857.43
Uniform,3632,16,8378.16
Uniform,2010,17,4282.41
Kurti,3452,10,5187.4
T-Shirt,4808,7,2473.9
Hoodie,4142,19,13511.09
Kurti,3873,12,6230.29
Shirt,4830,12,5233.85
Uniform,1561,16,3283.43
Jeans,1197,15,2322.32
Jeans,2209,15,4176.74
Uniform,3755,15,8535.11
Trouser,3605,10,5401.57
Dress,682,20,1851.04
Jeans,1139,12,2269.53
Blazer,1227,24,6100.98
Hoodie,1278,22,4442.92
Kurti,2864,12,4723.85
T-Shirt,3246,7,1871.12
Uniform,744,16,1581.66
T-Shirt,596,5,315.15
Hoodie,1260,18,3402.8
Dress,2488,14,5304.94
Blazer,1816,25,9856.72
Kurti,4761,16,7805.24
Jacket,217,29,1062.96
Shirt,2297,9,2315.47
T-Shirt,2870,6,1639.19
Hoodie,357,21,1032.71
Blazer,4591,25,26415.41
Trouser,660,15,1092.77
Shirt,1805,8,1773.31
Trouser,4726,14,8014.44
Dress,654,18,1702.67
Shirt,2096,9,2153.65
Uniform,4449,14,9421.41
Hoodie,1493,16,4061.58
Hoodie,3828,16,11270.64
Kurti,421,14,749.38
Jeans,3213,14,6641.9
Kurti,3145,11,5290.77
Hoodie,2471,16,6880.84
Kurti,2685,14,4458.16
Uniform,4601,16,9602.14
Trouser,4754,11,7318.93
Jacket,1499,27,7073.06
Shirt,652,10,627.65
Kurti,4366,11,6497.34
Trouser,1760,15,2529.39
Blazer,2624,24,14888.59
Jacket,4560,24,19007.84
Shirt,2808,11,2464.99
Dress,2904,14,6408.88
Jacket,3683,26,17546.59
Uniform,4060,13,8929.58
Trouser,2131,11,3305.93
Dress,1305,14,2812.66
Shirt,2265,11,2204.49
Dress,1765,18,4707.64
Blazer,3589,24,17787.79
Shirt,4274,10,3874.57
Blazer,2510,27,14147.37
Jeans,1949,13,3858.65
Blazer,2827,30,16470.51
Kurti,4294,15,6667.82
Kurti,4667,13,7782.62
Hoodie,3471,21,11570.27
Kurti,3032,16,5102.71
Shirt,2621,9,2301.79
Uniform,883,14,1821.07
Jeans,1798,14,3376.48
Uniform,4704,16,9082.32
Jacket,822,29,3747.85
Dress,123,14,305.06
Jacket,4361,20,18736.28
Kurti,2656,12,4234.4
Blazer,1161,27,6427.33
Shirt,1263,9,1246.53
Jeans,4359,15,7797.66
Jacket,1333,30,6400.05
Jacket,3410,26,14740.04
Jacket,2463,26,10906.14
Trouser,4602,14,7313.79
Jacket,4687,28,22615.2
Jacket,1535,29,6952.95
Blazer,453,29,2421.94
Hoodie,2184,19,6435.22
Trouser,562,10,710.63
Kurti,311,14,564.97
Shirt,3850,9,3288.34
Shirt,3952,12,3700.62
Jacket,3330,29,16718.69
Blazer,483,25,2465.69
Kurti,1559,10,2694.8
Kurti,2021,14,3234.54
Uniform,2603,15,4921.6
Kurti,1374,11,2060.69
Shirt,4515,11,4457.61
Dress,3757,16,9128.72
T-Shirt,3764,7,2073.57
Blazer,1930,29,11555.03
Blazer,4244,29,23586.66
Trouser,3373,10,4825.18
Trouser,1622,11,2242.49
Trouser,4506,11,6908.73
Jacket,3219,28,13940.75
Jacket,3928,25,15915.59
Kurti,2278,10,3437.09
Kurti,132,14,210.76
Uniform,2748,15,5378.19
T-Shirt,4303,5,2636.9
Jeans,3014,14,5728.09
Blazer,4484,26,26117.17
Jeans,4238,17,7793.38
Jacket,2810,29,14316.88
Kurti,400,12,625.74
Trouser,4854,15,7107.75
Trouser,3863,14,5450.7
T-Shirt,3106,7,1866.37
Blazer,2797,28,14434.74
Hoodie,4529,18,12660.92
Trouser,2497,15,4040.34
Jeans,4267,14,8926.49
Trouser,925,15,1368.59
Trouser,3430,13,5377.03
Shirt,1461,10,1512.51
Trouser,2212,12,3458.75
Hoodie,2812,20,9437.1
Shirt,1227,11,1330.04
T-Shirt,4810,6,2479.69
Dress,1252,16,3178.84
Hoodie,846,19,2589.61
Kurti,1991,10,3396.11
Jacket,3389,25,14847.09
Jacket,1746,28,8664.67
Hoodie,1540,19,4448.71
Dress,1246,18,2960.05
Blazer,1638,27,8203.41
Dress,204,17,509.33
T-Shirt,2454,8,1474.5
Kurti,1142,12,1680.45
Dress,3601,19,9555.33
Trouser,4172,14,5839.11
Dress,1021,16,2229.87
Dress,3575,19,8225.02
T-Shirt,2593,5,1445.61
Jacket,4090,27,18540.22
Shirt,3274,11,3124.61
Jacket,4987,28,23408.28
T-Shirt,2321,6,1262.55
Shirt,4968,8,4853.18
Jacket,3718,22,17198.59
Uniform,2276,15,4678.61
Kurti,4810,12,8258.1
Jacket,3029,26,14797.73
Uniform,1210,14,2552.68
T-Shirt,3187,5,1877.39
Blazer,1156,29,6263.18
Jacket,3640,29,17150.6
Trouser,2718,13,3923.7
Jacket,3211,24,14990.43
Uniform,3186,15,7188.77
Blazer,2516,26,14381.19
Jacket,1329,30,6343.55
Kurti,4004,14,7150.03
Kurti,3364,13,5535.9
Trouser,2579,10,3577.93
Trouser,1384,13,1982.48
Jeans,4041,15,7722.22
Shirt,803,8,786.92
Jeans,185,15,437.71
Dress,4381,18,11189.87
Shirt,4412,8,4092.99
Kurti,1547,13,2614.63
Shirt,3700,12,3621.21
Jeans,2774,18,5703.32
Uniform,524,15,1261.25
Uniform,4372,18,8542.95
Hoodie,188,22,589.36
Dress,3410,19,8294.69
Shirt,2053,11,1912.76
Hoodie,3353,17,9617.64
Uniform,4828,12,8991.4
Hoodie,993,19,3250.63
Dress,1106,15,2491.77
Dress,4422,16,10093.16
Kurti,4207,11,6831.02
Trouser,841,10,1218.14
Shirt,3900,12,3769.19
Shirt,3184,8,3337.33
Uniform,3942,17,8045.6
Dress,103,20,203.52
Jeans,3340,14,6123.98
Jeans,2659,12,4945.24
Blazer,3234,28,16559.39
Trouser,3169,15,4753.29
T-Shirt,3786,5,2219.86
Dress,1977,19,4530.57
Blazer,325,26,1664.88
Kurti,4202,10,7146.54
Uniform,1718,15,3605.38
Blazer,2864,22,15494.87
Hoodie,4424,21,14241.69
Blazer,929,24,4803.75
Dress,2782,16,6716.98
Trouser,1080,10,1521.25
Jeans,1466,14,2822.1
Blazer,3348,27,16290.35
Uniform,3909,12,8207.91
Jeans,3599,16,7342.89
Jeans,2941,16,5906.04
Uniform,3222,16,7032.96
Uniform,3445,16,7093.76
Jeans,1576,16,3331.62
T-Shirt,3993,5,2326.01
Trouser,4432,15,6449.45
Blazer,4966,26,24267.73
Hoodie,3058,16,9845.25
Hoodie,2598,22,7634.82
Dress,2664,17,6594.15
Kurti,764,16,1306.06
Blazer,1344,24,7481.48
Blazer,4218,24,20176.31
Blazer,2144,26,11196.39
Shirt,3280,10,3014.73
Jacket,579,22,2720.31
T-Shirt,3626,8,2125.42
Hoodie,3706,18,10158.18
Dress,4581,16,9982.55
Uniform,3354,13,7212.8
Shirt,4977,9,4293.29
Trouser,606,11,809.11
Dress,4281,16,10364.36
Trouser,782,12,1225.97
Trouser,2752,10,4067.26
Trouser,3161,14,4472.27
Jacket,1685,24,7918.59
Kurti,294,11,506.93
Jeans,545,12,1052.79
Kurti,1960,11,2974.86
Uniform,4881,18,10773.38
Hoodie,2934,19,8659.44
Hoodie,1772,22,5856.55
Jacket,2826,24,13216.42
Jeans,3078,15,5861.24
Uniform,1166,14,2473.92
Trouser,4214,12,6647.92
Blazer,4414,24,24331.63
Trouser,4426,11,6568.33
Blazer,434,22,2063.77
Shirt,842,8,837.89
Blazer,3371,29,19945.21
Jacket,1054,26,5065.71
Uniform,1821,18,3947.71
Jacket,4815,28,23516.58
Uniform,3002,12,6353.75
Uniform,1475,16,3400.12
Hoodie,3362,22,9550.5
Trouser,2814,10,4247.29
Uniform,1900,17,4064.91
Trouser,4953,14,6936.85
Blazer,3723,23,18807.95
T-Shirt,1589,5,959.21
Uniform,4673,18,9976.52
Hoodie,2825,20,8329.26
T-Shirt,435,5,232.93
Trouser,4057,12,6108.85
Hoodie,2668,20,8894.12
Jacket,1097,20,4566.89
Kurti,1298,11,1912.25
Dress,3532,17,9347.52
Dress,3930,14,9653.48
Jacket,661,29,3070.53
T-Shirt,3245,5,1687.85
Shirt,2491,10,2282.17
Kurti,2352,13,3760.39
T-Shirt,163,8,134.44
Dress,1475,20,3515.91
Dress,1777,16,3882.99
Blazer,2581,27,13591.05
Shirt,3031,9,2669.92
Jacket,2077,26,10164.42
T-Shirt,3091,8,1834.11
Shirt,698,12,687.27
Jacket,487,25,2138.14
Jacket,4120,25,18209.62
Kurti,2156,14,3321.53
Kurti,4568,13,6751.33
Blazer,2051,24,10577.65
Blazer,893,23,4876.59
Blazer,3374,25,17489.87
Dress,4736,16,10237.14
Jacket,4866,30,24787.83
T-Shirt,3831,6,2197.86
Uniform,1451,13,3059.4
Jeans,308,14,569.93
Trouser,1218,11,1666.26
Blazer,3503,27,17248.63
T-Shirt,991,8,558.14
Trouser,3626,15,5098.22
T-Shirt,4643,5,2623.35
Blazer,3039,28,16956.05
Hoodie,3262,16,9945.54
Dress,3998,15,8686.38
Uniform,2753,16,6348.77
Dress,3410,14,7616.05
Shirt,220,12,221.1
Kurti,2717,12,4477.01
Uniform,4944,17,10653.09
Shirt,1277,9,1128.79
Trouser,2514,12,3795.49
Shirt,2851,12,3106.23
Kurti,750,16,1411.63
Blazer,413,24,1986.52
Blazer,3782,27,21275.86
Uniform,4068,12,7678.3
T-Shirt,1218,5,709.75
Kurti,4881,14,8861.7
Trouser,3932,10,6005.98
Jeans,2018,13,3796.15
Jacket,2498,28,12463.88
Jeans,1255,16,2610.5
Jacket,3971,21,18498.17
Shirt,638,8,610.65
Jacket,2296,30,12139.54
Jacket,4775,30,23434.87
Jacket,691,27,3197.72
Blazer,2771,30,14857.33
Kurti,1904,12,2943.79
Hoodie,3073,21,10290.54
Uniform,4386,13,8635.28
Jeans,4775,13,9428.19
Trouser,4975,15,7666.36
Trouser,3639,12,5492.83
Jacket,4482,27,19365.5
Jeans,2253,15,4191.23
Trouser,3023,12,4101.94
Shirt,910,11,899.32
Shirt,2170,8,1883.41
Jacket,3584,21,15086.76
T-Shirt,2819,7,1734.07
Blazer,675,29,3432.3
Hoodie,4965,16,14504.13
Trouser,3296,15,5246.29
Jacket,3112,24,13940.97
Kurti,4834,15,8336.34
T-Shirt,260,8,162.96
Blazer,2622,29,14198.21
Uniform,1750,17,4038.67
Kurti,4367,11,6820.8
Shirt,3340,9,3413.72
Hoodie,3727,19,10646.39
Dress,299,17,719.34
Uniform,2775,16,6000.75
Jacket,4537,21,20859.97
Kurti,1762,16,3310.97
Dress,3803,17,9008.03
Blazer,574,29,3029.27
Uniform,3757,17,7975.35
Hoodie,1039,22,3527.4
Trouser,4233,14,6718.72
Hoodie,2599,21,7929.58
Jeans,2868,16,6167.04
Hoodie,2174,17,6060.96
Blazer,222,30,1312.95
Shirt,1090,8,984.71
Trouser,2304,10,3405.79
Dress,3002,16,7727.26
Blazer,3197,28,19175.69
Trouser,3571,10,5676.13
Blazer,553,28,2792.82
Shirt,1812,10,1642.51
Jacket,1921,28,8410.53
Blazer,2069,22,9800.46
Hoodie,2534,21,7634.32
Shirt,4105,10,4262.44
Dress,4395,17,11450.59
Kurti,1501,14,2449.87
Jacket,3765,23,17303.28
Blazer,2262,22,10287.8
Uniform,2440,17,5414.94
Hoodie,3085,21,9185.03
Jacket,2524,23,11389.38
Kurti,1845,14,3015.43
Jacket,877,25,4165.64
Kurti,3203,12,5248.49
Trouser,1655,11,2603.5
T-Shirt,219,6,157.28
Hoodie,2952,21,8371.16
Uniform,2883,12,5269.61
Blazer,1249,24,6277.04
Hoodie,1466,22,4989.93
Trouser,3193,13,4718.7
Jacket,2864,20,12400.67
Jeans,4991,15,8783.74
Blazer,4178,23,20498.37
T-Shirt,4185,6,2474.23
Uniform,4219,18,9890.25
Shirt,4458,8,4353.3
Blazer,239,29,1426.79
Hoodie,444,21,1172.15
Jeans,2694,15,4877.7
Trouser,3000,15,4705.98
Uniform,1586,15,3601.63
Jacket,1954,24,9522.12
Uniform,843,14,1730.63
Kurti,239,11,362.84
Kurti,3392,14,5644.4
Uniform,3596,14,7302.62
Kurti,4573,11,6629.45
Hoodie,3778,20,12316.66
Jeans,3778,12,7025.22
Jacket,180,24,831.21
Uniform,1374,13,2514.5
Jeans,3142,12,5870.88
Blazer,4158,23,19875.73
Trouser,1856,11,2882.01
Blazer,3087,24,16214.0
Dress,4552,18,12104.59
Uniform,3590,14,6764.39
Uniform,4707,12,8478.41
Kurti,2674,11,4678.01
Hoodie,110,16,270.61
Uniform,2470,12,4741.37
Shirt,3773,8,3853.12
Hoodie,3841,21,12079.82
Dress,4412,18,10672.16
Dress,3197,19,8517.56
T-Shirt,952,7,566.2
Uniform,4045,16,9293.16
Trouser,4082,10,5730.36
Blazer,4786,30,26558.53
Trouser,4004,14,6699.07
Blazer,2124,29,11887.76
Uniform,2057,18,4951.77
Dress,505,14,1190.78
Jacket,1705,20,7096.58
Hoodie,1241,22,3704.49
Dress,1195,14,2950.01
Kurti,2555,12,4087.83
Trouser,2569,14,3805.31
Uniform,3265,15,6464.54
Uniform,3311,13,6672.74
Shirt,1500,9,1394.56
Kurti,4327,10,6351.38
Kurti,234,16,342.35
Uniform,3087,15,6522.64
Uniform,3251,13,7159.8
Trouser,2874,12,4103.74
Blazer,2707,28,15717.71
Hoodie,2851,19,8906.67
Kurti,4136,15,6265.06
Hoodie,1563,19,4967.3
Jacket,3745,21,14928.49
T-Shirt,4300,5,2162.47
Jeans,1825,12,3388.66
Kurti,4801,11,7528.41
Kurti,4781,14,8622.23
Uniform,4110,17,9407.83
Hoodie,3850,18,11162.76
Uniform,2611,14,5765.49
Blazer,415,24,1977.36
Jacket,1058,28,5253.41
T-Shirt,4435,6,2542.67
Jacket,296,24,1311.18
Kurti,4289,10,6501.27
Jacket,3585,20,14323.1
Uniform,4963,13,9575.01
Blazer,644,30,3703.7
Kurti,4905,14,8641.33
Jeans,3811,17,7404.81
Jacket,390,29,1771.39
Blazer,4741,30,24606.33
Dress,691,19,1542.72
Jacket,1873,27,9210.4
Jeans,2670,16,4763.87
T-Shirt,1266,7,615.64
Jacket,494,28,2160.79
Hoodie,4916,19,16297.94
Jeans,2150,13,3850.21
Dress,3868,15,9431.31
Jacket,4675,20,18366.88
Blazer,531,28,3154.26
Blazer,2153,28,11956.13
Jacket,3258,24,15381.8
Jacket,2915,25,13016.18
Uniform,818,16,1749.28
Jacket,2954,20,12562.67
Kurti,1914,10,3135.8
Uniform,4171,17,9620.87
Uniform,1878,16,4305.97
Jeans,3950,18,8761.29
T-Shirt,3289,8,1942.63
Uniform,4413,16,9917.67
Jeans,590,12,1061.25
Hoodie,4007,19,11691.63
Trouser,4375,13,6692.2
T-Shirt,2979,6,1698.95
Kurti,3021,11,4811.5
T-Shirt,1281,8,634.71
Kurti,3291,12,5768.88
Uniform,3811,12,7718.68
Blazer,4415,26,23080.58
T-Shirt,3685,6,1876.29
T-Shirt,852,5,504.2
Dress,2918,18,7771.0
Kurti,4206,10,6282.34
Jeans,312,17,634.1
Shirt,1858,10,1784.53
Shirt,3168,8,2990.79
Jacket,615,26,2749.42
Jacket,1247,23,5479.48
Hoodie,3255,20,11006.77
Trouser,2405,13,3469.4
T-Shirt,4419,8,2687.88
Kurti,347,10,481.17
Dress,4611,18,10619.54
Trouser,2615,14,3838.5
Jacket,124,26,576.25
T-Shirt,878,6,443.47
Shirt,3691,12,4022.86
Jeans,1617,16,3042.52
Blazer,1596,28,8966.8
Uniform,1443,15,3128.62
Dress,3434,18,7759.31
Uniform,4797,13,9359.29
Hoodie,3457,16,9470.9
Jeans,1746,18,3887.52
Trouser,4233,11,6031.62
Shirt,2279,11,2217.62
T-Shirt,2700,6,1393.91
Uniform,2994,14,5708.47
Dress,4154,16,9977.81
Trouser,2758,14,4399.41
Hoodie,4319,21,13949.37
Blazer,2071,24,10587.66
Blazer,4184,22,19486.69
Jacket,2113,30,10658.07
Uniform,3742,18,7789.89
Jeans,4557,15,9541.2
Jeans,1826,16,3628.95
Dress,4542,14,10190.27
T-Shirt,3778,7,2025.58
Blazer,845,25,4047.09
Blazer,610,26,3245.64
Trouser,1466,15,2245.42
Uniform,403,18,942.6
Jeans,954,17,1836.45
Shirt,3749,12,3928.34
Hoodie,204,22,696.72
Shirt,4297,11,4420.83
Shirt,2746,12,2716.16
Jeans,3286,13,6392.99
Uniform,3087,16,6928.74
Dress,880,19,2331.35
T-Shirt,3413,5,1870.4
Shirt,3944,9,3570.03
Kurti,4122,10,7011.99
Jacket,3471,26,15059.62
Jeans,3656,12,6612.42
T-Shirt,274,8,151.33
T-Shirt,3954,7,2268.45
Kurti,546,15,928.09
Trouser,4944,15,7263.59
T-Shirt,3833,5,2018.39
Blazer,2113,27,11986.34
Uniform,2019,15,4386.38
Kurti,4835,13,8660.5
Uniform,2477,15,5240.54
Jacket,4692,22,18916.12
Kurti,3276,15,5142.41
Trouser,1686,10,2264.21
Dress,2971,15,6336.42
Trouser,1909,13,2637.36
T-Shirt,711,7,412.39
T-Shirt,2646,7,1452.13
Trouser,3822,10,5396.9
Trouser,3667,14,5363.19
Trouser,3592,10,5377.35
Blazer,2522,29,14339.53
Hoodie,2091,20,6316.6
Jacket,212,27,1054.03
Trouser,4580,13,7061.92
T-Shirt,1141,5,677.13
Kurti,2664,12,4644.42
Jeans,2453,17,4862.77
Jeans,4837,15,8798.56
Shirt,1485,9,1306.27
Uniform,3193,16,7354.95
Uniform,610,17,1224.93
Uniform,173,12,375.54
Hoodie,3779,17,11891.57
Jeans,3844,12,6731.27
Shirt,3787,12,3599.25
Jacket,2827,28,11978.12
Jacket,4790,30,23537.04
Blazer,728,22,3926.81
Kurti,4074,13,6743.42
T-Shirt,1425,8,771.52
Trouser,1971,12,3245.8
Dress,448,16,995.6
Shirt,603,10,508.08
Kurti,1276,10,2067.2
Uniform,3713,14,7767.07
Shirt,4421,11,4484.63
Shirt,4307,11,3845.63
Jacket,3312,23,14004.28
Jeans,1941,12,3837.34
Trouser,3284,12,4875.72
Jacket,622,28,2648.49
Jeans,3694,13,7202.07
Dress,2768,20,6608.03
Jacket,4227,30,18468.16
Hoodie,4881,21,14810.73
Hoodie,4182,16,13282.27
Trouser,3769,11,5802.12
T-Shirt,833,6,428.37
Hoodie,419,16,1321.65
Trouser,2615,13,3676.97
Trouser,752,10,931.02
Jeans,286,13,530.0
Uniform,2687,12,5683.34
Shirt,1360,9,1265.64
Jacket,1180,25,5260.32
Blazer,3574,23,16757.27
Hoodie,4905,22,15533.4
Blazer,1954,22,9519.46
Shirt,4792,9,4914.68
Hoodie,1298,17,3584.34
Shirt,1807,12,1646.32
Dress,1642,19,4349.24
Blazer,2363,24,12654.97
T-Shirt,1982,8,1145.89
Blazer,3890,29,23411.6
Shirt,4536,12,4609.11
Kurti,1887,13,2883.38
Dress,1705,17,4038.68
Jeans,995,18,2085.66
Dress,2863,18,6795.35
Uniform,4107,14,9215.8
Kurti,3522,13,5210.83
Hoodie,2295,21,6964.08
Hoodie,3782,19,12394.98
Jeans,1410,13,2901.28
Jacket,1433,25,5938.4
Shirt,2154,9,2182.54
Blazer,4517,25,25322.0
Kurti,3733,16,6406.67
Kurti,704,12,1259.2
Shirt,2378,9,2172.38
Uniform,4629,18,9406.5
Blazer,4678,30,26190.38
Trouser,510,12,810.78
Dress,1912,16,4694.46
Uniform,2351,16,4702.7
Kurti,828,15,1362.06
Jacket,737,26,3206.42
Jeans,4211,14,7643.9
T-Shirt,2322,6,1293.36
T-Shirt,4646,8,2639.43
Kurti,1595,12,2307.91
Shirt,2885,11,2664.04
Blazer,3625,27,18879.63
Shirt,2013,9,1855.08
Trouser,4015,15,6636.34
Dress,843,19,2085.44
Uniform,2292,16,4937.95
Jeans,206,14,498.99
Blazer,3736,22,20046.95
Dress,3021,20,8115.72
Hoodie,1214,18,3888.15
Kurti,4475,16,7417.59
Kurti,1511,15,2742.67
Uniform,1921,14,4008.71
Jeans,959,16,1942.95
Jeans,3647,18,7434.78
Trouser,2064,11,2992.5
Uniform,198,15,450.66
Shirt,2809,9,2501.74
Dress,1147,16,2801.4
Dress,3901,16,8934.41
Shirt,4670,12,4637.47
Blazer,4369,22,21594.49
Uniform,1418,15,2868.57
Trouser,4248,12,6936.71
Trouser,1913,13,2749.93
Blazer,3854,23,20754.68
Jeans,1125,16,2320.92
Jacket,375,23,1739.82
Hoodie,345,22,1024.6
Blazer,4346,25,22925.91
Hoodie,3871,17,12354.8
Jeans,2728,17,5304.84
Kurti,1942,14,2914.2
Jacket,3899,22,17884.82
Jeans,1681,17,3493.46
Jeans,3705,17,6880.73
T-Shirt,230,8,99.84
Trouser,3829,14,5715.84
Uniform,4691,15,9084.54
Jacket,4323,21,19657.92
Trouser,4755,13,7760.85
Trouser,1171,14,1872.0
Trouser,4550,10,6494.85
Uniform,3922,15,8431.73
Jeans,3506,12,6674.56
Dress,2135,17,5596.2
Shirt,479,11,445.37
Jeans,115,14,219.05
T-Shirt,2692,6,1503.83
Hoodie,2677,17,8375.26
Jeans,2715,16,5636.51
Dress,3081,16,7232.61
Jeans,4037,15,7794.22
Jacket,1458,25,6252.14
Jeans,1796,18,3603.31
Trouser,3194,11,4612.56
Uniform,4516,17,9755.1
Shirt,2043,12,2207.05
Hoodie,4218,17,12654.46
Uniform,493,12,950.25
Trouser,3328,15,4805.08
Jacket,4628,25,20111.09
Jacket,1087,21,4370.63
Jeans,4223,15,7687.7
Jacket,1810,23,8526.94
Dress,4568,15,10060.17
Jacket,3524,24,17128.29
Uniform,4923,17,11441.31
Blazer,3179,29,19185.24
Jeans,660,17,1302.95
Blazer,2468,22,13494.37
T-Shirt,2498,7,1546.4
Shirt,2688,10,2316.82
Jacket,3851,20,14992.46
Jacket,2623,21,11230.02
Blazer,1000,29,5249.14
Dress,590,20,1421.13
Jacket,1586,25,7442.87
Dress,2067,14,5010.09
Hoodie,341,19,1065.44
Hoodie,3359,17,9358.25
Hoodie,1918,21,5846.92
T-Shirt,4402,5,2647.13
Jacket,1650,23,6999.94
Jeans,1579,12,2774.1
Hoodie,704,18,1888.33
Trouser,830,12,1287.45
Hoodie,3400,20,10119.85
Jacket,2076,21,8648.66
Jeans,3266,12,6539.44
Hoodie,2336,22,7371.01
Trouser,3970,14,6623.68
Kurti,4310,10,6081.2
Hoodie,1051,21,3220.66
Dress,4342,19,10399.96
Hoodie,3833,16,11658.32
Hoodie,4158,16,13177.17
Uniform,4206,18,9558.6
Uniform,460,14,987.66
Kurti,1684,12,2941.53
Dress,3346,20,9182.25
Uniform,3818,12,8086.41
Jeans,1730,16,3691.33
Hoodie,2581,17,7420.1
Jacket,466,29,2282.14
Jacket,954,21,4236.24
Jacket,4932,22,20605.43
Jacket,3388,22,15666.74
Shirt,4825,12,4824.64
Shirt,1084,11,1139.44
Jacket,2646,21,10433.86
Blazer,3506,24,16491.7
Shirt,892,8,858.57
Hoodie,1048,22,3456.41
Jacket,1146,30,5730.36
Jeans,1063,17,2221.97
Shirt,3288,11,3006.98
T-Shirt,854,6,512.24
Trouser,1832,12,2951.87
Jeans,515,12,1006.3
Uniform,3712,14,8228.18
Uniform,2892,15,6291.1
Blazer,4956,29,26896.71
Blazer,4408,28,24855.08
Jacket,2313,26,9525.79
Jeans,1822,13,3288.55
Jeans,3501,12,6113.89
Blazer,4232,25,21733.74
Hoodie,3785,19,12098.85
Kurti,1607,12,2730.84
Hoodie,2840,22,8495.72
Kurti,4353,11,6714.6
T-Shirt,3445,6,2080.74
T-Shirt,927,5,511.51
Kurti,4833,10,7084.81
Hoodie,119,22,383.61
Trouser,4934,10,6562.74
Jacket,4933,27,22795.87
Kurti,2928,14,4707.98
Hoodie,2579,21,8325.29
Dress,4674,17,11142.96
Shirt,674,8,671.47
Kurti,4158,13,6653.0
Kurti,482,12,721.97
Blazer,2800,27,16171.29
T-Shirt,3179,7,1801.62
Trouser,3550,14,5410.92
Uniform,330,16,685.83
Blazer,3554,23,17724.03
Shirt,2394,11,2249.89
Jacket,3467,24,15158.06
Kurti,4593,10,6614.16
Trouser,2004,15,2839.54
T-Shirt,2307,8,1412.04
Blazer,2327,29,13371.8
Dress,4480,18,11035.57
Hoodie,578,18,1678.0
Dress,3016,14,6887.54
Jacket,2906,21,11982.11
Jeans,4843,14,8886.88
Uniform,3797,18,8520.62
Blazer,613,22,2978.02
Jacket,4038,21,17997.89
Shirt,1076,10,1016.09
Kurti,1803,11,2680.16
Dress,2456,17,5700.61
Dress,3093,20,7601.79
Blazer,4428,26,21641.46
Jeans,2049,15,4396.42
Jeans,1211,18,2628.39
Shirt,3685,9,3797.66
Jeans,2918,17,5617.19
T-Shirt,838,5,487.89
Jacket,3818,21,14714.55
Hoodie,1837,18,5488.19
Uniform,2243,12,4565.42
Shirt,4441,12,4679.57
Blazer,2896,26,15888.38
Jeans,4795,14,8333.88
Shirt,2044,8,2039.26
Blazer,1484,22,8077.75
Jacket,4040,21,16547.26
Hoodie,2811,22,9666.82
Jacket,3973,29,18860.31
Uniform,127,14,226.92
Jeans,1185,15,2518.42
Dress,200,20,500.41
Shirt,3922,11,3849.56
Trouser,3904,15,5970.94
Jacket,2461,25,10956.24
Jeans,183,15,349.08
Blazer,251,27,1217.71
Kurti,3085,16,5629.57
Dress,4046,20,10814.81
Blazer,1819,26,9283.86
T-Shirt,4996,7,2634.19
Jacket,3331,26,14753.89
Dress,183,15,581.51
Jacket,2768,30,14176.69
Uniform,348,14,719.46
Trouser,4558,13,7216.71
Hoodie,395,22,1302.67
Jeans,131,14,331.98
Dress,4597,19,10697.96
Hoodie,4080,17,10903.04
Trouser,3956,10,5888.58
Uniform,332,15,691.33
Jeans,4282,12,8442.17
Kurti,259,15,436.66
Hoodie,3485,19,9835.36
Blazer,3944,28,23170.93
Trouser,215,12,348.19
Trouser,3179,14,5131.5
Blazer,768,27,3889.66
Blazer,1280,27,6431.52
T-Shirt,3335,8,1986.28
Jacket,2979,26,13713.91
Uniform,3168,15,7186.13
Trouser,2677,12,4351.47
Jacket,156,24,647.65
Kurti,4180,10,6756.83
Blazer,2625,30,14417.82
Kurti,4577,16,7610.62
Blazer,1242,27,6918.62
Hoodie,1688,17,4656.65
Kurti,3012,10,4951.39
Uniform,2198,17,4279.04
Trouser,358,14,603.56
Shirt,3878,11,3822.09
Jeans,4257,12,7671.46
Uniform,3466,15,6580.78
Blazer,887,26,4448.49
Uniform,2363,12,4982.71
Blazer,2785,26,14749.4
Kurti,1321,11,2147.01
Kurti,2648,13,3909.13
Uniform,4390,15,9539.23
Hoodie,4904,21,14168.59
Shirt,214,12,264.16
Blazer,4271,22,23551.58
Dress,1830,19,4506.89
Dress,3267,20,8946.04
Uniform,4739,14,8811.97
Blazer,2045,30,11867.13
Shirt,2337,11,2234.02
Kurti,1640,10,2591.25
Shirt,2673,8,2247.9
Blazer,3882,23,20189.48
Jacket,3581,26,15379.35
Dress,4222,14,8947.65
Kurti,2472,14,3942.52
Jeans,2645,13,4626.73
Jeans,3831,12,7214.87
Blazer,1925,29,10496.2
Jacket,181,30,759.19
T-Shirt,270,7,126.17
Shirt,100,9,87.59
T-Shirt,2154,5,1227.2
Kurti,3421,12,5573.76
Dress,3941,20,9312.85
T-Shirt,623,7,346.46
Blazer,4692,23,24262.64
Trouser,1035,14,1758.34
T-Shirt,1927,7,1133.27
T-Shirt,2715,6,1390.45
Hoodie,1030,16,3179.6
Jacket,2484,28,12040.75
Jeans,3034,16,6335.99
Blazer,405,25,2074.45
Uniform,1083,17,2177.55
Jeans,3252,14,6702.79
Jeans,1909,15,3756.67
Dress,4789,18,12205.38
Hoodie,1598,22,5516.38
Kurti,3547,11,5188.92
Kurti,1705,13,2586.32
Trouser,558,14,851.82
Trouser,4120,10,6440.32
Uniform,3994,16,9131.17
Blazer,2997,24,16241.91
Uniform,920,16,1803.76
Jacket,1307,24,6078.39
Blazer,1483,24,8348.73
Jacket,4545,20,20299.15
Jacket,3917,21,17084.71
Hoodie,1020,17,2805.05
Hoodie,1888,16,5826.28
Blazer,434,27,2129.47
T-Shirt,2537,8,1318.52
Blazer,1368,29,7084.4
Trouser,1496,15,2344.23
Shirt,1978,10,2060.25
Uniform,3873,14,8326.47
Trouser,3074,14,5041.55
T-Shirt,4566,5,2444.74
Jeans,4336,14,8955.32
Uniform,1478,16,2867.71
Kurti,441,10,703.37
Uniform,3150,12,5977.23
Hoodie,3940,20,11077.22
Blazer,2362,23,13029.5
Kurti,2219,11,3578.59
Trouser,398,11,626.29
T-Shirt,1727,8,1007.58
Dress,2454,14,5443.81
Dress,1574,16,3839.97
Shirt,3259,12,3312.83
Blazer,4073,27,22842.16
Kurti,1436,14,2283.17
T-Shirt,4515,7,2611.29
Dress,4481,16,10975.27
Jeans,4788,12,9471.7
T-Shirt,2430,7,1353.84
Kurti,4799,16,7939.81
Trouser,3993,12,6252.47
Dress,4810,17,12194.55
Hoodie,1484,20,4462.58
Hoodie,368,21,1156.36
T-Shirt,709,7,394.42
Dress,4640,15,10388.49
Uniform,4990,14,9553.11
Trouser,4563,15,7566.81
Jacket,3642,29,15717.11
Trouser,1208,13,2008.33
Blazer,664,26,3371.71
Dress,4300,14,10279.93
Uniform,3517,15,7485.19
Shirt,1606,11,1532.39
Shirt,2490,12,2461.45
Hoodie,813,20,2557.68
Hoodie,3081,21,10291.34
Uniform,842,12,1548.94
Trouser,1937,10,2537.38
Trouser,1779,10,2357.41
Hoodie,2437,17,6768.57
Jacket,4410,28,20469.39
Trouser,4196,10,6023.52
Hoodie,3358,17,9343.59
Jeans,4072,12,8252.37
Shirt,4175,8,4201.87
Shirt,1463,12,1320.29
Shirt,1207,10,1174.06
Dress,3306,19,8538.73
Jeans,3206,12,5595.85
Kurti,3088,15,5237.94
Hoodie,2032,16,5871.26
Dress,241,19,522.91
Kurti,1038,10,1488.1
Uniform,642,18,1391.43
Jacket,3091,24,14402.67
Dress,2780,14,6895.04
Shirt,3595,8,3558.53
Dress,3262,19,8267.37
Dress,1607,16,4151.47
Blazer,1901,30,11355.63
Trouser,3165,10,4215.74
Kurti,452,13,725.45
Dress,1317,15,3193.68
Kurti,2079,14,3819.3
Shirt,4457,10,4667.83
T-Shirt,3759,7,1966.38
Uniform,4931,12,10282.1
Shirt,4896,10,4442.51
Hoodie,3014,17,8856.8
Uniform,377,16,831.13
Shirt,4021,10,4077.12
Dress,2542,18,5696.47
Blazer,1837,25,9676.34
Jacket,1011,29,4444.74
Kurti,2203,16,3896.56
Kurti,1704,13,2607.02
T-Shirt,426,7,266.77
Dress,1565,15,3787.78
Shirt,3349,12,3249.46
Jeans,901,14,1910.66
Shirt,4456,10,3885.52
Blazer,1536,25,8550.01
Dress,1640,14,3619.45
Trouser,2036,14,3127.99
Trouser,4881,13,7218.42
Hoodie,3037,17,9707.76
Kurti,412,12,702.68
Shirt,1665,8,1496.44
Jacket,2042,30,10596.25
Hoodie,771,16,2082.88
Shirt,4008,8,3399.29
Shirt,2727,9,2555.19
Blazer,4481,26,26004.44
Trouser,1955,15,3159.05
Hoodie,1788,17,5342.03
T-Shirt,5000,6,2885.58
Blazer,2096,22,11149.32
Jacket,780,26,3279.9
Shirt,905,8,814.29
Hoodie,378,21,1129.82
Uniform,416,16,838.0
Dress,4499,20,10690.6
Blazer,4545,27,23006.21
Uniform,3327,16,7729.76
Shirt,1615,8,1591.56
Blazer,4906,30,28730.45
Trouser,4495,15,6935.74
Jacket,1990,22,8560.58
Jeans,3202,13,6552.31
Trouser,728,11,1167.61
Jeans,2958,13,5448.62
Shirt,1596,8,1578.36
T-Shirt,934,8,546.35
Jeans,596,18,1216.84
Dress,2355,20,5733.15
Shirt,3690,11,3405.42
Trouser,1689,11,2176.92
T-Shirt,587,8,338.23
T-Shirt,2293,7,1389.67
Hoodie,2300,17,7320.3
Uniform,178,16,405.68
Kurti,4944,10,7371.75
Jacket,2316,25,10745.51
Uniform,1563,18,3516.91
Hoodie,3710,16,10099.94
Blazer,2648,26,14591.81
Uniform,3162,13,6172.76
Blazer,1066,28,5559.28
Blazer,1538,23,8574.19
Blazer,3600,29,18675.1
Uniform,329,18,795.77
Blazer,1077,29,5744.08
Dress,4249,17,10634.21
Jacket,3880,30,18687.97
Shirt,3297,9,2894.46
Hoodie,3622,18,10500.52
Dress,945,15,2066.25
Uniform,1152,12,2425.21
Trouser,2998,10,3960.25
Hoodie,4349,20,14073.46
Hoodie,3026,19,8651.75
Blazer,617,28,3170.24
Blazer,910,25,5199.76
Dress,1125,14,2591.84
Hoodie,945,20,3035.74
Blazer,1432,23,7952.15
Trouser,594,12,975.56
T-Shirt,2136,5,1126.67
Shirt,3927,8,3781.67
Kurti,4267,12,7320.98
Hoodie,3432,17,9592.26
Shirt,1294,9,1268.98
Hoodie,232,20,753.44
Kurti,4189,14,6725.52
T-Shirt,3350,8,2071.51
Trouser,683,10,1082.23
Trouser,1883,15,2922.23
Uniform,2241,18,4450.89
Uniform,2976,14,5959.53
Shirt,503,8,515.24
Jacket,1840,28,9113.11
Blazer,1998,28,10915.82
Jacket,3909,26,19447.65
Uniform,3712,17,8062.99
Shirt,363,11,384.5
Hoodie,1400,16,4433.72
Shirt,3259,11,3304.71
Kurti,4032,16,7458.01
Hoodie,720,18,2247.09
Blazer,255,22,1392.01
Jeans,549,17,1144.89
Uniform,1169,13,2191.75
Jeans,1290,15,2760.06
Uniform,823,13,1665.4
Jeans,4249,13,8082.43
Dress,2583,18,6445.89
Hoodie,1586,16,4515.63
Trouser,3095,15,4624.83
Jeans,2068,16,4408.06
T-Shirt,3033,6,1757.65
Uniform,3769,16,7260.74
T-Shirt,841,5,406.49
Dress,188,14,409.27
Dress,4803,20,12416.92
T-Shirt,657,7,349.44
Jeans,547,17,1134.62
Jeans,385,13,763.34
Uniform,4335,14,8616.0
Dress,218,20,533.77
Uniform,1591,12,3402.25
Jacket,1333,30,6853.29
Jacket,3449,23,16387.34
Trouser,4554,12,6257.06
Trouser,605,14,858.5
T-Shirt,2063,6,1247.63
Trouser,4126,15,6300.32
Jacket,1616,23,6879.17
Trouser,1076,15,1828.73
Dress,1595,19,4302.0
T-Shirt,4441,7,2377.86
Hoodie,2972,22,9800.56
Uniform,4674,12,8338.75
Hoodie,4896,19,14071.94
Shirt,3099,9,2944.44
Hoodie,3559,18,11221.23
T-Shirt,671,6,366.24
Shirt,1170,9,972.32
Dress,3471,19,8337.56
Trouser,1346,15,2002.98
Trouser,3928,15,6152.02
Uniform,1025,13,2114.52
Shirt,851,10,898.13
Dress,1866,15,4115.89
Uniform,3808,14,7690.78
T-Shirt,542,5,315.12
Uniform,3488,18,7403.71
Jacket,3542,30,17450.54
Dress,125,16,353.63
Blazer,3002,26,16120.72
Shirt,541,9,517.59
Shirt,1928,8,1814.58
Dress,1978,18,4413.66
Kurti,2145,10,3288.73
Jeans,3700,13,6622.53
Hoodie,1985,17,6172.83
Jacket,363,29,1505.31
Kurti,2646,11,3875.77
Jacket,2495,27,11542.95
Shirt,3774,9,3869.97
T-Shirt,113,8,51.74
Uniform,3668,15,7337.95
Shirt,2818,8,2504.45
Shirt,4779,9,4445.83
Trouser,3317,15,4776.93
Kurti,3278,15,5515.5
Shirt,2940,8,2659.77
Uniform,830,12,1608.28
Jeans,2468,14,5101.02
Blazer,1453,27,7794.57
T-Shirt,1760,8,1056.24
T-Shirt,2717,5,1370.05
T-Shirt,1526,8,930.22
T-Shirt,2161,7,1240.79
Jeans,2393,13,4334.99
Hoodie,482,21,1548.48
Dress,4269,20,10401.56
Jeans,3494,15,6628.78
Shirt,2413,11,2598.39
Blazer,969,26,5531.91
Uniform,1902,14,3620.12
Jeans,4034,13,8258.41
Uniform,2123,16,4360.85
Trouser,3437,13,5354.14
Shirt,4314,12,4300.36
Shirt,293,9,251.82
Shirt,212,9,234.1
Dress,2336,15,5458.4
Shirt,4032,8,3882.77
Kurti,4765,14,8483.74
Jeans,3088,14,5398.16
Jacket,501,22,2383.17
Uniform,1159,17,2523.22
Shirt,3382,11,3582.86
Hoodie,2815,17,8255.8
Uniform,2523,18,5380.55
T-Shirt,4670,5,2609.81
Blazer,3260,23,17697.09
Trouser,4249,13,6300.84
Trouser,1798,13,2680.96
Dress,3027,14,7628.82
Blazer,1883,25,9272.51
T-Shirt,1085,5,553.87
Hoodie,3894,19,12265.61
Jeans,3751,13,7456.52
Dress,334,16,698.47
Shirt,3675,8,3289.67
Jacket,3954,22,18651.06
Jeans,1945,13,3823.61
Dress,701,20,1687.93
Jeans,3780,14,7334.72
Dress,3755,15,9489.37
Blazer,2722,29,15971.58
Uniform,4320,12,8561.9
Shirt,2077,11,2117.07
Kurti,3274,16,5385.67
Jacket,3833,26,16655.01
Hoodie,4221,18,12853.87
Jacket,2158,23,9336.2
Uniform,4554,13,8712.48
Trouser,2535,13,4208.98
Jeans,3066,16,6173.75
Blazer,4259,24,19941.09
Jacket,1689,21,6511.41
T-Shirt,1519,5,823.74
Jacket,2175,20,9027.7
Dress,4280,18,10734.83
Jeans,3819,14,7040.34
Jacket,908,27,4574.78
Jacket,3624,25,16563.0
Kurti,2253,13,3807.2
Dress,2077,19,5245.74
Hoodie,2022,21,6452.0
T-Shirt,3378,6,1798.24
Hoodie,159,16,464.2
T-Shirt,2064,8,1173.48
Trouser,2383,10,3314.27
Uniform,4995,18,11264.06
Shirt,3226,11,2869.6
Shirt,1384,12,1511.34
Jacket,1277,29,5889.08
Jeans,512,17,1151.96
Uniform,2515,14,5318.26
Jeans,3940,18,7593.32
Jacket,4713,20,18652.99
Jacket,2466,22,11280.96
Jeans,3490,17,7569.73
Jeans,1282,16,2559.33
Jacket,2403,25,11514.68
Jeans,599,14,1089.63
Kurti,3813,10,6286.73
Jeans,4370,16,9463.49
Jacket,3034,29,14461.42
Dress,337,16,878.56
Uniform,4083,15,8945.79
Dress,4001,16,10162.91
Jeans,4761,17,10073.91
Uniform,4868,12,8954.56
T-Shirt,2520,7,1502.26
Jacket,2769,20,12470.34
Hoodie,4447,21,13694.24
Jeans,1243,12,2390.5
Kurti,1324,16,2430.98
Hoodie,2388,16,6526.86
Shirt,3348,11,3584.67
Shirt,4512,12,4671.37
Shirt,3083,12,3139.22
Shirt,689,8,669.49
Blazer,4640,29,25793.12
Blazer,898,28,4934.7
Trouser,3229,15,4613.26
Hoodie,1872,21,6129.58
Jeans,3324,14,6729.52
Jeans,4421,13,8706.18
Trouser,1458,14,2452.95
Hoodie,1044,22,3448.49
Shirt,3998,11,4204.94
Hoodie,4861,21,13720.17
Blazer,4446,28,24455.65
Hoodie,3701,22,11558.89
T-Shirt,3362,8,1932.54
Trouser,192,15,277.15
Kurti,3148,13,5131.41
Hoodie,1686,22,5395.3
T-Shirt,4070,7,2542.01
T-Shirt,1042,8,610.36
Jeans,1739,16,3218.86
Kurti,2528,12,3803.03
T-Shirt,2094,6,1286.72
Hoodie,788,20,2344.35
Jacket,2144,28,9267.61
T-Shirt,2852,5,1445.84
T-Shirt,3102,5,1738.58
Jeans,388,13,735.95
Uniform,1155,14,2574.05
Jeans,1982,18,3692.84
T-Shirt,376,5,176.1
T-Shirt,2507,7,1511.33
Jeans,4389,17,8822.67
Blazer,2883,27,15826.5
Kurti,890,11,1610.77
T-Shirt,3864,8,2367.64
Shirt,4324,9,3734.06
Jacket,1331,20,5876.87
Jacket,2141,25,9291.11
Hoodie,4291,20,12287.93
Uniform,2178,18,4431.17
Blazer,3023,30,18110.91
Hoodie,4330,22,14773.71
Blazer,1568,23,7210.75
Jeans,2527,16,5197.81
Kurti,4192,12,6951.62
Shirt,718,8,651.61
Hoodie,4832,22,14949.97
Kurti,3903,16,7042.68
Jacket,489,28,2295.74
T-Shirt,267,7,139.88
Shirt,2745,9,2587.73
Jeans,3099,17,6283.83
T-Shirt,3050,7,1737.48
Jacket,2257,24,9682.66
Shirt,3646,11,3643.04
Kurti,3764,15,6763.88
Trouser,1452,14,2280.33
Jeans,930,17,2054.95
Jacket,4758,24,21616.17
Trouser,4226,15,6031.11
Blazer,2585,26,12369.73
Blazer,3034,24,15362.08
Jacket,2350,25,10795.77
Hoodie,3297,20,9393.74
Trouser,1454,15,2029.21
T-Shirt,2489,5,1405.16
T-Shirt,573,8,347.47
Jacket,2440,20,10364.36
T-Shirt,359,5,217.7
Trouser,691,13,1090.38
Blazer,1724,24,8671.01
Jeans,3274,13,6089.02
Jacket,2134,28,10283.6
Uniform,1235,18,2458.38
Kurti,4656,13,6879.48
Jacket,3653,25,17048.83
Dress,3842,16,8280.05
Blazer,1798,30,10629.42
T-Shirt,2456,6,1377.65
Hoodie,1108,17,3587.3
Jeans,1438,18,3151.24
Dress,833,14,1919.08
Shirt,1124,10,1123.32
Dress,3654,17,8092.95
Hoodie,2639,19,7445.86
Dress,2860,20,7704.09
Dress,628,14,1368.01
Dress,1571,17,3596.38
Kurti,659,14,1105.03
Blazer,3370,25,17422.33
Kurti,4640,15,7272.17
Hoodie,2763,20,8491.02
Blazer,434,25,2024.31
Jacket,2619,21,11903.66
Jacket,3965,21,15480.14
Shirt,4641,8,4702.89
Trouser,3382,10,4765.51
Jacket,4795,27,23351.12
Shirt,4020,9,4030.48
Hoodie,1009,17,2632.4
Blazer,4733,30,28286.13
Jeans,1815,13,3129.32
Dress,2663,20,6797.02
Uniform,1188,15,2606.31
Jacket,2728,20,11657.8
Hoodie,719,20,2357.17
Jacket,1637,30,8125.47
Hoodie,1994,20,6137.56
Jacket,567,27,2452.98
T-Shirt,4320,8,2433.07
Trouser,4731,10,7351.5
Hoodie,2847,18,8161.75
Uniform,3389,13,6617.99
Uniform,2555,15,5083.34
Dress,207,14,536.17
Uniform,2092,14,4224.28
Uniform,3700,13,7830.28
T-Shirt,4110,8,2512.94
Blazer,3162,23,16144.92
Trouser,487,13,749.86
Kurti,549,13,835.38
Blazer,401,22,2118.73
Uniform,1932,14,4320.61
Blazer,4582,27,27003.12
Blazer,3093,22,14141.46
Jeans,3440,16,7218.88
Jeans,282,14,472.63
Jeans,4633,16,9618.31
Blazer,4538,24,21467.51
Trouser,1233,15,1869.93
Kurti,1444,16,2618.15
Trouser,4009,15,5867.23
Shirt,688,11,605.1
Uniform,3441,15,6922.17
T-Shirt,1503,8,841.44
Kurti,1892,15,2887.44
Blazer,321,29,1797.21
Jacket,1698,26,7065.47
Shirt,4506,10,4433.54
Blazer,3806,25,19448.27
Dress,1459,16,3590.39
Shirt,4910,10,4483.74
Kurti,3207,14,5890.32
Jeans,549,15,1010.78
Uniform,1389,17,3181.03
Uniform,2247,13,4607.61
Hoodie,1310,19,3945.03
T-Shirt,2444,8,1386.95
Kurti,4454,14,6805.37
Blazer,3226,23,15681.34
Shirt,1387,11,1465.6
Shirt,3308,10,3405.2
Kurti,4612,10,7554.33
Jacket,1826,27,7961.78
Trouser,3083,10,4008.3
Kurti,3199,15,5427.92
Trouser,384,13,610.79
Uniform,603,17,1256.97
Shirt,2483,10,2287.39
Dress,476,15,1094.02
Hoodie,886,20,2805.6
Shirt,2799,9,2695.83
Uniform,4719,13,8606.36
Jeans,1684,18,3245.43
Uniform,1018,18,2151.46
Shirt,3530,9,3332.49
Jeans,4272,12,7112.59
Uniform,4042,15,8626.49
Kurti,1011,15,1866.36
Shirt,3202,8,3056.66
Jacket,3419,21,13534.57
Jeans,4954,17,9008.56
Kurti,2686,11,4328.5
Dress,3115,15,6926.83
Hoodie,3138,16,8433.97
T-Shirt,2779,7,1570.08
Kurti,2407,15,3892.26
Hoodie,2681,22,8137.46
Uniform,4232,17,9388.14
Jacket,4502,20,17491.05
T-Shirt,2092,7,1246.58
Blazer,4992,26,28473.16
Jacket,1652,22,6920.42
Jacket,480,30,2483.04
Uniform,920,14,1817.21
Hoodie,2116,16,6183.22
Blazer,2286,28,13003.19
Trouser,1483,14,2229.82
T-Shirt,4047,5,2408.77
Dress,4926,20,11521.78
Shirt,1157,10,1109.08
Jeans,3874,18,8435.09
Jeans,4042,17,8249.03
T-Shirt,1258,6,607.48
Hoodie,2402,18,7852.96
Blazer,1713,26,9911.49
Blazer,4839,24,27495.48
Shirt,2056,12,2005.32
Dress,1479,14,3130.18
Dress,4571,14,9808.53
T-Shirt,4416,6,2484.21
Blazer,1254,24,5995.93
Trouser,4593,11,7257.48
Dress,629,14,1457.56
Shirt,411,11,432.27
Blazer,2623,29,14656.71
Kurti,1296,13,2145.3
Kurti,730,12,1134.88
Blazer,307,28,1718.04
Kurti,1762,16,3250.03
Jacket,2561,29,11894.91
Kurti,2328,14,3706.35
Hoodie,3409,21,10656.8
T-Shirt,1213,7,632.26
Dress,4051,17,9071.25
Dress,2604,19,6178.05
Jacket,1230,27,5737.0
Trouser,1481,11,2269.57
Blazer,3390,29,17267.57
Dress,1633,20,4182.06
Blazer,4749,22,24611.69
Dress,4939,20,12032.03
Dress,4737,15,11926.03
Dress,1437,15,3100.04
Kurti,2978,12,4766.15
Blazer,3601,26,20068.36
Jacket,2715,28,13276.43
Dress,4272,18,9712.69
Kurti,111,12,260.86
Uniform,548,17,1094.29
Shirt,4826,9,4623.0
Jacket,2350,27,10530.92
Uniform,1143,15,2214.52
Jacket,4919,20,21898.53
Shirt,1145,8,1125.15
Dress,3147,20,7608.42
Kurti,3614,14,6142.61
Blazer,4882,28,26801.96
Shirt,4273,12,4539.2
Blazer,2818,27,15407.35
Jeans,1002,16,1840.34
Jacket,4606,21,20072.21
Jacket,2164,28,11082.45
Jacket,2530,24,11119.46
T-Shirt,2188,5,1296.22
Jacket,3822,30,17622.78
Blazer,907,30,5436.03
T-Shirt,3290,7,1666.21
Trouser,2900,14,3995.72
Trouser,1878,14,3070.01
Jacket,2927,20,12042.28
Trouser,2938,10,4353.6
T-Shirt,3570,8,2179.76
Jacket,2864,24,12247.76
Jacket,4001,23,16619.63
Kurti,1868,14,3357.07
Hoodie,2191,18,6195.46
Blazer,191,28,1034.29
Jeans,3114,12,5357.87
Trouser,1077,12,1693.8
Blazer,4229,25,21691.44
T-Shirt,1337,6,709.43
T-Shirt,4793,5,2741.48
Jeans,1513,18,3179.92
Trouser,196,12,320.79
Jacket,4826,23,20711.28
Kurti,761,11,1204.39
Hoodie,3361,21,9953.86
T-Shirt,1217,6,594.61
Jeans,3809,12,7115.79
Jacket,4238,29,21364.39
Hoodie,4914,21,14493.21
Jeans,2156,18,4722.35
Trouser,404,12,600.78
Hoodie,814,21,2741.78
Shirt,570,9,555.58
T-Shirt,4754,8,2578.23
Jacket,384,24,1873.96
Kurti,4938,10,8214.41
Uniform,4235,17,8901.29
Hoodie,1037,18,3387.31
Trouser,4225,12,6581.89
Hoodie,4715,22,15905.84
Trouser,683,14,975.56
Dress,4937,19,12102.99
Dress,2177,19,4925.3
Blazer,3090,30,18540.52
Blazer,1450,28,7870.15
Kurti,1443,12,2470.88
Dress,2653,20,6624.94
Kurti,1300,16,2059.62
Hoodie,2226,18,5975.43
Dress,2308,19,5905.86
Jeans,2192,12,3777.3
T-Shirt,1420,6,854.02
T-Shirt,1625,7,912.83
Shirt,1196,8,1223.39
Hoodie,3027,17,8900.04
T-Shirt,3993,6,2273.96
Jeans,4842,17,8997.32
Hoodie,2766,17,8392.39
T-Shirt,941,5,483.18
Trouser,2758,11,4215.57
Kurti,1987,14,3197.37
Uniform,2324,14,4833.11
Shirt,4922,9,4867.1
Hoodie,4353,20,12524.55
Dress,1158,17,2719.47
Hoodie,982,22,2864.71
Shirt,4864,9,4379.0
Hoodie,1944,21,6026.04
Jeans,1633,16,3407.37
Jeans,1791,12,3308.75
Uniform,2994,13,6574.48
Blazer,4834,26,23404.04
Jacket,618,23,2457.99
Shirt,3579,9,3621.53
Jeans,926,17,1721.1
Uniform,3190,13,6269.84
Jacket,4303,20,18498.55
Jacket,659,22,2735.96
T-Shirt,1735,5,1019.4
Kurti,2137,10,3311.77
Kurti,965,16,1788.07
Dress,4535,16,10965.53
Shirt,3176,8,2657.03
Jeans,340,13,663.63
Uniform,4218,14,9428.08
Dress,3625,16,9181.93
Kurti,3362,15,5418.77
Trouser,2920,13,4294.81
Jacket,3702,23,16556.17
Jeans,1830,16,3464.43
Kurti,4254,13,7120.93
Hoodie,1554,19,4822.4
Dress,1040,17,2430.84
Uniform,337,16,785.05
Uniform,2084,16,4497.42
Jeans,1312,18,2743.66
Jeans,3377,13,6283.77
Dress,1164,14,2935.07
Jacket,1793,23,8101.18
Shirt,3048,9,3112.62
Trouser,1230,10,1614.37
Shirt,1244,12,1140.87
Kurti,2453,13,3665.99
Hoodie,1763,16,5611.85
Uniform,2096,16,4118.97
Blazer,2136,27,10516.37
Uniform,1654,12,3285.31
T-Shirt,4243,8,2553.27
Shirt,2948,9,2715.96
Jacket,2734,29,13892.23
Trouser,1609,12,2347.65
Dress,3314,17,7580.11
Hoodie,3544,17,10092.96
Kurti,3983,16,6375.36
Jeans,468,17,958.11
Trouser,2924,10,4015.89
Dress,2331,18,5418.12
Hoodie,2506,16,7983.49
Blazer,1569,25,8152.5
Trouser,500,11,764.43
T-Shirt,4936,6,2680.79
T-Shirt,4285,8,2565.67
Jacket,2400,30,12458.69
Blazer,220,29,1186.54
Hoodie,3091,21,9298.5
Dress,1571,16,3744.71
Kurti,2543,12,4390.18
T-Shirt,1106,6,625.94
Uniform,4593,16,10077.12
Hoodie,3757,17,10830.43
Dress,4643,19,12013.58
Jeans,3228,17,6806.4
Jeans,4986,17,9864.72
T-Shirt,1645,8,999.24
Blazer,129,22,641.53
Jeans,4333,13,7728.6
Kurti,2361,11,4125.74
Kurti,1419,15,2495.94
Trouser,3329,12,5100.39
T-Shirt,1196,6,588.76
Jacket,3683,20,14095.72
Jeans,1832,18,3741.66
Trouser,3668,15,5259.01
Blazer,1894,22,9897.41
Trouser,1784,10,2835.47
Uniform,4124,14,8646.12
Trouser,2220,13,3142.96
Shirt,3228,10,3290.11
Shirt,637,9,554.75
Shirt,3277,10,3176.93
Shirt,1062,11,966.04
Shirt,1753,8,1525.84
T-Shirt,4524,5,2523.73
Jeans,3980,17,8372.67
Dress,3881,20,9304.98
Hoodie,3283,22,10804.64
Jeans,2465,17,4867.81
Jeans,1396,15,2675.7
Jacket,3552,23,14093.68
Jeans,927,14,1579.3
Uniform,3464,12,6681.94
Kurti,159,11,232.72
Dress,3754,20,9142.78
Shirt,2762,9,2688.5
Uniform,570,16,1143.04
Jacket,4571,29,21628.66
Jeans,3241,15,6880.08
Hoodie,447,17,1291.91
Uniform,4620,15,10407.13
Dress,2133,15,4987.36
Hoodie,3025,17,8076.74
Uniform,2851,13,5687.1
Uniform,1396,13,2821.79
Trouser,3068,11,4112.48
Uniform,2467,18,4912.14
Uniform,1588,12,3494.3
Hoodie,495,16,1412.28
Uniform,3538,16,7979.11
Jeans,512,18,1008.43
Jeans,124,17,234.75
Dress,2153,14,5267.36
Dress,155,20,428.14
Kurti,3798,11,5617.46
Uniform,1601,13,2950.35
Blazer,119,30,743.89
Shirt,847,9,855.72
Jacket,3647,27,15585.42
Hoodie,2123,16,6595.62
Dress,4532,17,10512.3
Dress,685,15,1507.2
Dress,4433,15,10156.03
Trouser,2650,12,3686.08
Blazer,1439,27,8466.59
Uniform,2748,12,5375.32
Trouser,2754,13,4334.63
Jacket,1334,24,6487.37
Uniform,3828,18,7613.92
Shirt,1944,9,2010.54
Blazer,615,29,3688.97
Uniform,1729,14,3248.89
T-Shirt,266,8,150.97
Jacket,403,28,1730.21
Jacket,3561,27,17354.26
Uniform,1850,14,3801.13
Jeans,4375,13,8363.43
Shirt,1932,9,1700.3
Dress,1362,15,3017.24
Trouser,2098,12,3372.49
Trouser,3040,11,4556.54
Shirt,315,9,311.61
Jacket,2399,28,10346.84
Jeans,1227,12,2331.02
Trouser,743,12,1101.52
Jacket,1125,26,4818.37
Trouser,1572,12,2140.65
Hoodie,4162,21,13128.83
Blazer,220,22,1076.21
T-Shirt,4880,8,2877.48
Jeans,1204,16,2630.11
Uniform,1681,15,3802.18
Jeans,3799,17,8250.04
Trouser,4876,14,7380.51
Trouser,1572,12,2211.25
T-Shirt,3068,7,1821.1
Kurti,4936,10,7011.53
Blazer,1819,30,10534.13
Trouser,3585,15,5926.48
Dress,359,20,965.6
Jeans,1886,16,3468.26
Shirt,3349,11,3441.3
Uniform,2389,17,5374.65
Hoodie,319,18,908.83
Jacket,3286,27,16422.11
Hoodie,2112,17,5733.25
Trouser,390,10,570.32
Trouser,4478,10,7020.6
Shirt,3498,12,3395.21
Kurti,1837,13,2734.03
Kurti,2544,10,4287.19
T-Shirt,2770,7,1731.24
Jeans,3070,17,6177.61
Blazer,450,27,2428.83
Kurti,3728,11,6263.76
Jeans,110,15,211.61
Jacket,2401,25,11436.63
Blazer,1776,27,9643.13
Dress,1927,14,4665.04
Uniform,2855,12,5463.15
Jeans,3312,18,6322.94
T-Shirt,3588,8,2048.6
Shirt,3482,8,3198.35
Dress,4608,20,11052.82
Jeans,2872,15,5193.17
Dress,909,15,2188.65
Blazer,613,28,3381.45
Jeans,4359,16,8823.7
Dress,2228,19,5728.53
Uniform,3165,18,6364.75
Hoodie,4633,17,13253.44
Jeans,4353,15,7944.07
Uniform,4316,14,9279.2
T-Shirt,143,7,61.59
Shirt,3709,8,3144.99
T-Shirt,1962,6,1068.97
Jacket,2557,29,11924.29
Kurti,3906,14,6788.47
Dress,4179,17,10746.21
Hoodie,1954,20,6464.65
Blazer,944,29,5227.65
Jacket,4342,29,19056.43
Kurti,1312,13,2222.38
Trouser,1977,13,3267.04
Jeans,3400,17,7001.38
Uniform,3184,13,6243.26
Blazer,4002,28,20489.69
Uniform,3562,14,7662.43
Kurti,518,12,830.85
Shirt,3918,10,3586.24
Kurti,1929,12,2957.95
Jeans,2897,17,5492.46
Jacket,2878,24,13222.16
Hoodie,3156,22,10447.55
Kurti,4203,13,6778.46
T-Shirt,3469,7,1871.68
Uniform,4834,14,10183.46
T-Shirt,314,7,206.56
Shirt,2970,9,2779.0
Blazer,3212,22,15655.05
Hoodie,1437,21,4579.15
T-Shirt,4869,6,2687.05
Shirt,1541,11,1626.29
Hoodie,220,20,642.48
Hoodie,4740,21,14007.81
Shirt,4000,11,4120.2
Kurti,1683,16,3021.17
Jeans,542,14,993.49
Jeans,3027,17,6444.75
Jacket,994,20,4006.43
Uniform,4290,15,8999.92
Dress,4933,17,11018.92
Hoodie,4479,19,14028.97
Shirt,4175,9,3572.97
Dress,1107,16,2830.1
Dress,140,15,301.57
Hoodie,4904,19,14884.02
Shirt,936,12,922.19
Shirt,834,10,817.82
Uniform,621,12,1188.18
T-Shirt,1817,8,1001.28
Shirt,191,10,196.61
Hoodie,4137,21,11826.91
Dress,4952,16,10800.34
Shirt,3582,8,3312.26
Trouser,1981,13,3163.76
Uniform,4764,12,10238.01
Kurti,794,15,1427.19
Shirt,1868,11,1676.67
Hoodie,4337,22,14339.07
Uniform,2275,15,4882.52
Jeans,2957,13,5990.37
Uniform,3840,13,8416.19
Hoodie,1128,17,3469.65
Blazer,3262,25,18714.75
Uniform,525,13,1058.15
Shirt,2831,11,2597.07
Jeans,4560,17,8506.41
Jacket,1371,24,6506.92
Hoodie,480,22,1579.94
Trouser,3228,15,5330.64
T-Shirt,4522,6,2752.48
Blazer,3215,23,15181.78
Hoodie,3440,17,10341.49
Hoodie,1087,21,3589.67
Jacket,1417,22,6123.62
Blazer,457,23,2484.4
Kurti,2734,11,4052.86
Trouser,1615,13,2414.16
Uniform,2383,16,4945.1
Shirt,3652,11,3607.66
Jeans,3108,12,5732.23
Hoodie,1508,16,4774.17
Dress,3700,17,9772.51
Hoodie,1475,17,4553.98
Blazer,4257,22,20312.82
Shirt,2458,9,2239.71
Uniform,2058,12,4064.79
Uniform,1780,13,3304.96
Jeans,1318,12,2333.0
Blazer,2830,24,15548.28
T-Shirt,4809,6,2597.76
Shirt,3793,9,3870.65
Shirt,1084,11,1095.15
Jacket,1175,29,5445.01
Uniform,4042,15,8986.97
Shirt,2441,11,2456.14
Trouser,4898,12,7339.93
Kurti,1552,16,2653.05
Blazer,1599,22,8405.48
Uniform,4190,18,8400.2
Blazer,3992,24,20542.5
Kurti,209,12,372.1
T-Shirt,726,6,466.01
Shirt,3899,10,4049.91
T-Shirt,1734,6,1053.78
Hoodie,868,19,2804.69
Uniform,588,15,1139.86
Jacket,2251,21,10313.95
Trouser,4801,15,7167.65
Hoodie,1959,19,5717.65
Kurti,1337,10,1927.97
Kurti,861,16,1506.52
Jeans,1048,17,1971.21
Blazer,2688,25,12768.08
Jeans,317,15,605.49
Blazer,2721,25,15579.75
T-Shirt,1876,7,1167.95
Blazer,721,22,3549.45
T-Shirt,2488,6,1351.59
Dress,631,19,1663.61
Uniform,4871,17,11276.84
Dress,3160,14,7421.63
Jeans,4852,15,10341.03
T-Shirt,605,6,322.77
Uniform,3232,14,7278.19
Hoodie,1806,19,5259.03
Blazer,350,25,1720.37
Trouser,606,15,940.72
Blazer,1269,25,7305.78
Jeans,2303,14,4245.12
Shirt,684,10,639.68
Blazer,2922,23,16165.91
Dress,2405,20,5752.53
Jacket,625,26,3029.74
Blazer,4206,24,23174.33
Jeans,4167,16,8313.76
Dress,4777,16,11997.94
Kurti,1341,14,2237.47
Jeans,4925,17,8963.18
T-Shirt,2082,5,993.89
Hoodie,4774,20,15004.61
Uniform,2122,12,4088.31
Uniform,3861,15,8324.86
Uniform,4866,16,9418.76
Dress,3881,14,9030.99
Kurti,693,11,1042.56
Kurti,3911,12,5955.84
Kurti,1021,12,1696.42
Hoodie,3338,21,9695.49
Uniform,1697,16,3314.2
Dress,985,18,2637.32
Jeans,3378,14,5889.57
Jeans,361,13,630.75
Jacket,1359,28,6964.92
Shirt,2689,11,2383.98
Kurti,3836,10,5381.19
T-Shirt,1131,6,672.67
Shirt,1919,10,1840.71
Hoodie,761,21,2579.01
Dress,1773,14,3843.3
Blazer,3545,25,18437.92
Dress,4748,15,10714.67
Trouser,4665,10,6196.07
Jeans,4799,14,9819.13
Trouser,632,10,947.68
Hoodie,3504,16,9572.55
Kurti,3181,16,5872.36
Hoodie,1654,19,5360.64
Dress,3044,15,7489.8
Hoodie,966,18,2590.35
Shirt,2435,12,2406.2
Shirt,2257,8,2106.24
T-Shirt,3782,7,2370.93
Jacket,2272,28,11147.21
Hoodie,1470,19,4639.04
Jeans,1791,14,3658.63
Hoodie,136,16,374.26
T-Shirt,1471,5,778.24
Jacket,860,26,3985.03
Trouser,492,13,795.79
Dress,2799,18,7484.21
Kurti,1888,14,3363.82
Shirt,1379,8,1308.5
Jeans,3386,13,6298.91
Hoodie,2448,17,7042.57
Shirt,2060,10,2061.87
Blazer,748,24,3647.55
Jacket,1651,21,6851.8
Kurti,1873,11,3282.93
Kurti,1650,14,2594.41
Shirt,4867,8,4707.99
Jeans,2879,12,5205.5
T-Shirt,2131,8,1150.84
T-Shirt,3277,8,1768.22
T-Shirt,1791,6,899.58
Dress,4365,17,10582.18
Blazer,1284,26,6780.85
Blazer,4815,26,25086.72
Kurti,1509,10,2454.49
Jacket,636,30,2760.52
Shirt,655,11,619.58
Jeans,4423,12,7835.08
Hoodie,1821,22,6231.97
Dress,3387,18,8598.28
T-Shirt,646,7,368.26
Blazer,3731,29,21185.41
Jeans,1799,14,3175.51
Uniform,2245,18,4459.21
T-Shirt,3871,8,2382.47
Hoodie,2850,16,7569.4
Kurti,2097,15,3673.8
Jacket,2811,21,12238.42
Trouser,4602,13,7122.82
Dress,3644,20,8957.16
Jacket,2553,23,11110.22
Jeans,2362,17,4520.94
T-Shirt,1784,5,1014.2
Jeans,2833,13,5348.53
Jacket,851,24,4163.84
Jeans,646,14,1352.98
Dress,1517,14,3458.82
Jeans,1438,14,2867.37
Jeans,662,18,1386.26
Blazer,4749,28,24950.08
Jacket,1457,27,6768.92
Uniform,2062,12,3918.26
Jeans,3243,12,5550.44
Shirt,2302,10,2305.0
Trouser,1817,15,2641.35
Trouser,2478,12,4074.88
Jacket,4073,22,16133.42
T-Shirt,4529,7,2626.04
Jeans,3440,15,6987.72
Blazer,2525,24,14281.55
Blazer,915,23,4876.79
Trouser,424,14,698.32
Blazer,3214,29,18400.71
T-Shirt,3543,7,2066.93
Jacket,846,22,3489.09
Dress,2956,19,7179.62
Jeans,3278,16,6690.46
Hoodie,4733,21,14391.7
Trouser,860,14,1397.44
Jacket,3289,28,14411.96
Dress,4556,15,10607.81
Trouser,1799,10,2320.91
T-Shirt,715,7,356.42
Jacket,4827,28,21881.65
Hoodie,3711,18,10225.79
Dress,1618,15,3786.71
Blazer,4887,23,25989.84
Uniform,686,17,1451.47
Kurti,655,15,1017.49
Hoodie,3407,20,9625.65
Jacket,4176,22,18746.12
Jacket,3733,26,17144.52
Blazer,502,28,2466.95
T-Shirt,4362,8,2398.95
Blazer,2648,28,13102.64
Trouser,1710,10,2605.2
T-Shirt,3398,5,1717.03
Dress,3973,17,9087.44
Hoodie,3672,22,11670.97
Kurti,1874,15,3151.79
Jeans,3320,17,6867.34
Uniform,1170,15,2493.06
Shirt,1016,11,823.52
Dress,826,16,1946.85
Jacket,662,24,3204.36
T-Shirt,4637,6,2771.52
T-Shirt,3513,7,1858.42
Shirt,4672,12,5004.38
Hoodie,847,22,2866.82
Shirt,2733,11,2360.0
Hoodie,2868,19,9017.91
Uniform,509,17,1074.86
Jeans,4443,12,7601.36
Hoodie,3460,22,11460.51
Jeans,3969,12,7693.92
Jacket,1407,30,6501.66
Kurti,2136,10,3020.93
Dress,2494,18,6244.86
Hoodie,1186,19,3851.79
Hoodie,4472,20,12454.49
Kurti,1968,11,2936.68
Trouser,1562,12,2338.35
Dress,571,15,1322.91
Shirt,3297,10,2847.44
Shirt,4545,11,4760.52
Hoodie,4692,16,13739.17
Shirt,2296,12,2048.61
T-Shirt,4539,5,2426.34
Trouser,3034,11,4423.71
Uniform,2463,18,5786.55
Uniform,4590,16,9107.94
Hoodie,111,18,351.73
Jeans,2073,12,3602.01
Jeans,3928,17,7594.93
Hoodie,653,22,1977.52
Shirt,1328,10,1138.69
Jeans,599,18,1232.74
Dress,2966,20,6982.4
Hoodie,1224,18,3791.36
T-Shirt,2646,8,1646.63
Jeans,2827,14,5141.8
Dress,1799,20,4679.93
Dress,439,20,1111.42
Shirt,892,10,862.11
Kurti,2298,12,3769.16
Jacket,3556,21,14633.41
Hoodie,1978,17,6084.52
Shirt,3909,11,3647.77
Kurti,4210,16,7430.92
Trouser,804,14,1325.56
Kurti,3560,11,5561.61
Blazer,4644,22,23776.64
Jeans,2778,17,6085.76
Shirt,3596,12,3650.58
Shirt,4267,11,4192.03
Uniform,1718,13,3326.48
Uniform,4337,15,8840.73
Jacket,2284,30,10384.61
Trouser,4799,15,7227.26
Jacket,172,21,730.08
Shirt,1431,10,1321.55
Jeans,456,15,898.28
Jacket,3399,23,16046.35
Kurti,4838,16,9055.66
Blazer,3727,22,19882.73
Blazer,1454,22,6724.77
Jeans,2685,15,4914.1
Trouser,227,13,332.77
Hoodie,4480,19,13614.19
Blazer,1035,25,4955.96
Jeans,3380,18,7274.47
Dress,1310,17,3140.24
Jacket,3154,25,13094.87
Jacket,269,27,1187.45
Jacket,904,23,3898.14
Trouser,3134,10,4134.38
Jeans,891,17,1928.52
Trouser,2672,12,4087.39
Trouser,715,15,1155.5
Uniform,4396,17,10095.75
Blazer,1669,26,9769.14
Jeans,3478,16,6474.42
Jacket,2797,21,12586.75
Hoodie,3984,22,11373.67
Kurti,1775,14,2999.44
Jacket,472,29,2191.47
T-Shirt,4969,8,2846.75
Uniform,1432,14,2771.44
Dress,1896,16,4158.97
Shirt,3656,10,3424.74
Blazer,4083,25,23441.53
Hoodie,4427,16,12022.47
Shirt,1558,11,1430.36
Blazer,662,23,3606.66
Kurti,3071,10,5045.91
Dress,2816,15,6482.49
Shirt,1219,8,1046.83
Hoodie,4253,17,12865.29
Trouser,882,10,1347.05
Dress,4736,20,12113.76
Blazer,3893,27,20910.34
Trouser,1941,12,3153.77
Hoodie,303,22,987.01
T-Shirt,4455,8,2551.35
Blazer,3262,27,16570.55
Hoodie,2618,22,7732.27
Shirt,4234,11,4225.29
Dress,3357,19,8756.08
Kurti,2698,13,4783.0
Jacket,757,25,3122.74
Trouser,4524,15,7044.89
Jacket,3726,29,16446.86
Uniform,1389,18,3279.45
Hoodie,612,17,1661.26
Shirt,3907,10,4074.4
Kurti,3429,15,5793.36
Kurti,144,13,223.21
T-Shirt,3255,8,1844.74
Shirt,4537,10,4238.12
Jeans,4036,13,7149.11
Dress,4107,19,9238.94
Hoodie,1655,18,5147.58
Trouser,1268,13,1902.18
Jeans,260,15,484.15
T-Shirt,3563,5,1744.03
Blazer,3282,28,16677.05
Kurti,2639,14,4052.83
Shirt,2261,9,2121.58
Kurti,1802,13,2926.96
Dress,1513,18,3868.23
Dress,1523,15,3410.01
Jeans,173,14,351.54
Blazer,2317,26,12005.49
Dress,2237,17,5334.51
Uniform,4935,16,9552.34
Trouser,3293,10,4424.75
Jacket,4637,26,20903.33
Dress,2035,15,4407.82
Dress,1292,14,3160.7
Shirt,4956,12,4474.09
Jeans,4077,12,7107.13
Kurti,1983,14,3153.96
Blazer,954,26,4651.46
Jacket,3040,24,13606.09
Jeans,3387,17,6222.12
T-Shirt,524,8,318.31
Kurti,1133,15,1831.93
Shirt,1758,11,1617.33
Blazer,4782,25,26678.06
T-Shirt,353,7,274.87
Trouser,3227,10,4565.24
Jeans,361,14,688.43
Trouser,4436,14,6410.24
Jacket,1328,22,5917.14
Dress,1016,19,2740.41
Blazer,1420,22,7501.73
Trouser,500,12,688.69
Trouser,1987,15,3235.49
Dress,2118,18,5397.04
Hoodie,4833,17,14904.82
Uniform,2446,18,5215.89
Hoodie,2072,20,6558.04
Jacket,3021,21,12231.17
Hoodie,3598,20,11437.47
Shirt,3615,8,3287.31
Kurti,2114,11,3730.86
Jacket,3248,21,15143.95
Dress,100,18,277.11
Uniform,4717,14,10304.73
Kurti,2343,11,3793.41
Blazer,4732,25,25977.78
Shirt,3788,12,3751.24
Trouser,2819,14,4411.19
Trouser,2431,12,3877.94
Hoodie,2691,17,8030.31
Trouser,2342,13,3876.65
Kurti,798,15,1530.1
Blazer,1132,25,6003.41
Uniform,1091,18,2600.69
Jacket,1284,24,6128.7
Jacket,2320,23,10439.65
Kurti,4670,14,8027.01
Hoodie,2132,18,6797.14
Shirt,4061,8,3773.94
Dress,3061,18,7358.16
Dress,3743,16,9113.06
Jeans,1433,12,2643.1
Dress,3833,20,8984.38
Blazer,1793,25,9915.96
Blazer,1874,27,9575.5
Blazer,2379,22,12439.75
Hoodie,4444,18,12815.05
Hoodie,453,17,1286.25
Trouser,3831,15,5866.94
T-Shirt,3343,8,2051.56
Jeans,2120,18,4215.81
Hoodie,1342,16,4219.84
Jeans,3772,16,6957.86
Jeans,4308,18,8145.36
Trouser,4832,15,7981.42
Dress,844,18,1973.46
Uniform,149,16,323.61
Hoodie,3497,19,9946.5
Jeans,3455,17,6366.84
Blazer,3149,25,16008.48
Dress,2557,16,5863.65
Blazer,2098,30,11706.5
Kurti,613,10,819.85
Dress,3869,17,8586.72
Shirt,2369,10,2141.48
Jeans,3208,18,7065.46
Shirt,3071,11,3240.03
Uniform,1301,14,2811.87
Trouser,730,11,1168.32
Blazer,1813,30,9911.15
Hoodie,1934,17,5759.63
Hoodie,3241,20,10614.02
Uniform,3378,15,6757.16
Jacket,4466,25,21357.18
Hoodie,2022,16,6036.42
Uniform,1669,13,3660.85
Hoodie,543,20,1747.0
Dress,2384,18,5639.06
Jeans,507,14,984.39
Kurti,819,13,1200.73
T-Shirt,3388,5,1815.53
Jeans,2796,18,6236.24
Jacket,4699,27,20448.2
Uniform,4326,12,8761.46
Trouser,2527,13,3962.39
Shirt,2832,11,2774.14
Blazer,2513,23,13122.18
Kurti,4366,11,6640.89
Trouser,4400,11,6618.67
Blazer,4945,26,25476.62
Uniform,3133,14,6251.72
Jeans,1384,15,2552.94
Trouser,609,13,1008.63
Blazer,1590,24,7865.47
Blazer,2667,22,14102.62
Dress,2245,15,5660.19
Hoodie,1791,16,5417.2
Shirt,4213,10,4391.62
Dress,1285,14,2704.66
Jeans,4277,14,8234.2
Hoodie,2053,18,6423.57
Hoodie,2255,19,6267.82
Hoodie,3561,18,10001.8
Trouser,1551,13,2364.1
Jeans,3565,17,6555.82
Jeans,4703,12,8794.61
Uniform,2928,18,6635.58
Shirt,338,9,322.67
T-Shirt,1908,6,1091.48
T-Shirt,383,7,209.35
Trouser,2776,13,4029.02
Shirt,908,11,793.3
Jacket,1438,29,7511.01
Hoodie,4472,17,12149.86
Uniform,317,18,681.23
Jeans,1885,16,3947.04
Uniform,1282,15,2585.69
Jacket,468,22,1869.84
Jacket,3980,27,17530.25
T-Shirt,2157,8,1234.08
Jacket,3697,29,19186.71
Dress,3438,14,7499.23
Jeans,2397,14,4629.31
Dress,3907,18,10054.42
Blazer,1680,25,9689.59
Hoodie,2840,20,8780.37
T-Shirt,1051,8,621.52
Dress,3945,15,9610.27
Trouser,1517,15,2382.4
Uniform,2349,14,4972.91
Blazer,2705,29,15295.89
Trouser,1749,13,2469.69
Dress,4472,17,10018.94
Shirt,131,11,93.02
Hoodie,1894,16,5147.14
Uniform,4171,13,9168.54
Shirt,915,10,781.31
Dress,654,15,1328.52
Hoodie,358,20,1147.2
T-Shirt,3549,6,2123.46
Blazer,295,29,1541.67
Kurti,541,15,859.03
Kurti,2467,11,4243.68
Kurti,1644,16,2739.76
T-Shirt,627,8,380.63
Blazer,4220,30,22291.89
Shirt,4757,8,4436.63
Hoodie,1471,18,4676.76
Jacket,2612,28,13463.42
Shirt,2334,10,2420.9
Kurti,4412,15,7274.69
Uniform,668,12,1346.57
T-Shirt,2844,7,1461.09
Dress,1177,14,2843.17
Shirt,1785,11,1783.77
Blazer,4080,23,21079.46
Kurti,3330,11,5639.74
Kurti,1632,14,2517.61
T-Shirt,1483,8,859.18
Trouser,3501,11,5199.65
Jacket,487,28,2336.97
Uniform,4377,12,8000.89
Blazer,3586,29,21751.96
Hoodie,397,20,1321.25
Kurti,1605,10,2642.7
Blazer,870,23,4752.0
Blazer,3694,27,19732.33
Trouser,3947,14,6475.74
Trouser,223,12,309.1
T-Shirt,3328,8,2053.45
Dress,2413,17,5302.64
Blazer,741,29,4480.4
Trouser,161,11,239.12
Jacket,2595,25,12059.5
Dress,3981,15,9472.48
T-Shirt,3949,6,2150.19
Blazer,815,23,4315.52
Hoodie,1952,20,6308.25
Jeans,256,15,526.59
Shirt,4333,11,4241.16
Trouser,2654,13,3895.58
Jeans,3725,17,7513.34
Jacket,4847,28,21115.75
Jacket,138,27,704.23
Dress,3523,18,8338.13
Jeans,2255,16,4334.67
Trouser,4206,11,6501.59
Kurti,4746,12,7117.78
Blazer,236,28,1455.27
Hoodie,606,21,1845.08
Jeans,807,15,1581.12
Trouser,3055,11,4667.02
Kurti,478,10,793.72
Jeans,3089,18,5737.5
Trouser,1390,13,2139.88
Jacket,4295,22,16796.61
Jeans,2183,13,3808.71
Hoodie,3649,16,11579.07
Uniform,3861,15,8520.15
Shirt,4331,9,3934.36
Jeans,949,13,1879.11
Jacket,2243,20,9654.31
Blazer,2731,22,14212.55
Hoodie,452,17,1223.88
Kurti,239,13,372.37
Uniform,3045,16,5984.0
Jeans,1443,13,3008.39
Shirt,4025,12,3789.27
Hoodie,3492,17,10249.64
Jeans,3819,13,7885.65
Trouser,484,14,750.84
Dress,3018,15,7433.57
Jacket,1830,22,7740.21
Uniform,207,14,388.43
Blazer,2033,27,11311.24
Dress,3975,16,9725.97
T-Shirt,3017,5,1514.32
Dress,3882,20,8834.24
Jacket,832,28,3941.3
Shirt,4857,10,4363.29
Jacket,2859,25,11845.07
Blazer,918,26,5406.77
Shirt,658,10,605.13
Dress,1289,20,2922.34
Kurti,3216,13,5035.98
Hoodie,1362,19,4521.73
Kurti,4917,15,7852.04
Dress,3905,18,10255.63
T-Shirt,1647,6,930.44
Shirt,960,11,910.31
Kurti,2477,16,4527.02
Shirt,1391,10,1278.0
Uniform,555,17,1258.55
Kurti,2726,12,4544.46
Jacket,1711,21,7110.06
Hoodie,3686,16,11321.47
Hoodie,732,16,2199.65
Uniform,4153,18,9817.95
Hoodie,541,21,1694.88
Blazer,3793,26,21849.57
Jacket,4096,25,19681.17
Uniform,216,12,411.88
Hoodie,1003,20,2929.68
T-Shirt,2783,8,1721.54
Dress,4790,17,11456.32
Kurti,4958,15,7509.73
Jacket,171,25,715.21
Jeans,4752,17,10029.07
Kurti,4865,14,8216.75
Trouser,4073,12,5766.43
Kurti,3080,13,4714.17
Jeans,4237,13,8662.9
Hoodie,3972,18,12515.65
Jacket,3269,23,14457.45
Shirt,4829,11,4326.54
Blazer,1931,22,8835.18
Kurti,3452,15,5489.11
Hoodie,3270,22,11063.12
Kurti,4689,13,7264.88
Dress,4933,17,12644.13
Kurti,1886,11,2728.75
Kurti,1564,15,2456.31
Trouser,1071,13,1708.06
Trouser,1913,15,3246.94
Hoodie,3960,18,11254.55
Uniform,2897,16,6653.88
Kurti,3786,10,5587.13
T-Shirt,3511,7,1785.32
Jeans,4019,14,7752.33
Jeans,2760,14,5655.04
Kurti,1061,12,1729.38
Shirt,4581,8,4580.57
Shirt,1507,10,1492.54
Dress,559,15,1417.48
Hoodie,4359,22,12611.99
Uniform,3732,17,8550.02
Shirt,2277,10,1963.93
Uniform,4477,14,8691.85
T-Shirt,2433,8,1435.22
Kurti,2026,15,3773.39
Uniform,2965,15,5833.44
Kurti,2514,10,4295.13
Shirt,3406,9,2952.75
Uniform,512,13,991.75
Blazer,1124,28,6390.81
Uniform,1371,13,2861.46
Jeans,4357,14,8653.28
Jeans,3304,13,6220.43
Jacket,3742,20,16441.85
Dress,4356,15,10178.17
Jeans,2755,13,5313.4
Trouser,2404,12,3500.37
Jeans,2074,12,3636.58
Trouser,2824,12,3897.61
Jeans,4783,13,9047.87
Dress,4819,16,11276.4
Uniform,541,16,1080.29
Jeans,3312,12,6481.29
Shirt,582,12,591.36
Trouser,1457,12,1953.13
Jeans,2487,12,4961.28
T-Shirt,3992,5,2057.74
Uniform,3160,17,6275.79
Uniform,4325,12,9289.94
Blazer,4759,26,24676.33
Hoodie,2375,22,7317.93
T-Shirt,3113,6,1923.29
Jeans,3000,14,6218.63
Kurti,623,16,998.92
Kurti,4588,10,6546.75
Kurti,2921,11,4278.75
Hoodie,1479,21,4190.8
T-Shirt,408,5,254.68
Hoodie,3025,16,8354.22
Shirt,2948,9,2997.51
T-Shirt,3639,6,2063.66
Hoodie,3299,20,10734.3
Dress,4781,15,10723.61
Dress,2702,14,6239.86
Jacket,4059,21,16831.38
Shirt,4179,12,4234.12
Uniform,346,14,663.13
Uniform,110,14,201.55
Kurti,1044,12,1495.66
Shirt,3443,8,3147.43
Hoodie,3787,22,12066.48
Trouser,1843,11,2422.07
Hoodie,2155,22,7433.7
Hoodie,4522,17,12725.64
T-Shirt,2667,6,1525.8
Jeans,1519,17,3100.29
Uniform,2815,13,5949.65
Kurti,3825,16,6531.21
Uniform,4380,14,9183.43
Hoodie,4281,17,13496.05
Jacket,1116,20,4448.9
Blazer,182,22,865.85
Kurti,4881,14,8510.43
Kurti,2831,10,4148.72
Uniform,4314,18,9864.27
Jacket,1081,25,5036.4
Jeans,2879,13,5184.25
Jacket,4957,21,21930.51
Jeans,3320,12,6410.14
Jeans,2667,14,4930.36
Blazer,597,27,3436.59
Trouser,4511,14,6316.4
Hoodie,1326,17,4269.49
Trouser,3495,11,5459.76
Shirt,1227,12,1098.46
Jeans,4744,14,9238.53
Uniform,2129,14,4526.3
Kurti,3843,16,7034.13
Jeans,2910,12,5125.51
Uniform,389,13,726.84
Shirt,635,11,654.56
Kurti,3949,15,6559.98
Uniform,3095,16,6580.72
Hoodie,4248,17,11401.49
Dress,2053,17,5049.77
Shirt,1861,12,1946.78
Jeans,3302,18,6649.34
Uniform,3967,15,8519.59
Jacket,2011,27,8621.9
Hoodie,4017,20,13373.01
T-Shirt,3198,5,1830.42
Hoodie,3666,18,10271.73
Shirt,4366,11,4217.75
Uniform,4582,12,9591.63
T-Shirt,4700,5,2779.56
Jeans,1543,15,3130.28
Dress,1459,16,3625.23
T-Shirt,3772,5,1919.78
Hoodie,1344,21,3893.13
Uniform,2618,14,4879.73
Dress,3606,19,9585.89
Uniform,2571,14,5000.71
Jacket,1910,27,8964.94
Blazer,3154,22,16217.23
Kurti,1053,11,1727.99
Hoodie,2204,20,6828.78
Jacket,499,21,2071.97
Dress,1174,16,2586.71
Kurti,4689,16,8407.92
Shirt,638,8,647.79
Jacket,3368,26,15145.17
Jeans,1135,12,2144.03
Hoodie,2965,20,8458.38
Blazer,1167,23,6516.01
Jeans,493,18,1074.16
Jacket,488,29,2470.49
T-Shirt,2381,6,1335.85
Uniform,809,18,1622.73
T-Shirt,746,5,464.11
Dress,4038,18,10030.58
Blazer,1930,26,9973.1
Hoodie,3439,16,9280.26
Hoodie,2903,17,9136.26
Jeans,1158,18,2481.15
Kurti,527,11,814.95
Shirt,2216,9,2093.45
Jacket,3824,23,15109.81
Jacket,209,21,954.19
Jacket,2487,25,10413.41
Uniform,298,12,547.96
Kurti,2967,13,4827.17
Uniform,964,16,1815.93
Hoodie,914,22,3039.84
Kurti,3900,16,6746.14
Jeans,3666,15,6950.29
Dress,441,20,1101.23
Trouser,2167,13,3484.92
Jeans,4847,17,9536.35
Blazer,753,25,4056.16
Jeans,3845,13,7548.6
Uniform,1207,15,2278.28
Trouser,1720,13,2489.51
Hoodie,3952,18,11539.55
Trouser,3107,13,4549.45
Hoodie,4861,21,16039.0
Dress,1786,17,4460.16
Trouser,3857,14,6383.07
Kurti,770,12,1142.08
Hoodie,258,18,835.67
Uniform,4287,14,8543.86
Jacket,591,21,2749.36
Blazer,3713,24,19281.85
Kurti,2855,14,4878.37
T-Shirt,3905,6,2200.25
Kurti,1857,10,2642.5
Trouser,360,11,552.25
Trouser,4201,11,6318.51
Trouser,1163,13,1623.3
Hoodie,3694,16,11071.96
Blazer,2924,24,13992.96
Trouser,2904,10,4554.63
T-Shirt,4373,6,2482.72
Dress,2409,15,5152.42
Jacket,4687,23,19396.76
Dress,1742,20,4502.86
Hoodie,3636,19,10068.85
Jacket,2642,20,10953.17
Kurti,1884,16,3358.38
Shirt,212,8,179.32
Jeans,2463,13,4969.99
Uniform,2675,16,5793.44
Uniform,2120,16,4533.4
T-Shirt,4903,5,2494.32
Uniform,4208,18,9188.1
Jacket,4314,20,18641.9
Jacket,1123,22,4749.64
Kurti,3512,14,5714.1
Jacket,4577,30,23600.58
Trouser,2093,15,3423.34
Uniform,2092,15,4187.83
Jacket,141,26,657.28
Trouser,3665,13,5801.77
T-Shirt,3250,5,1728.78
Dress,3824,15,9184.88
Jacket,3936,27,17181.38
Hoodie,228,18,638.27
Kurti,4742,10,7436.09
Jacket,3576,29,17005.16
Shirt,1853,10,1789.59
Jeans,175,12,362.51
Jacket,3478,27,17368.44
Hoodie,2329,21,7763.62
Uniform,4258,14,8753.85
Trouser,3110,10,4400.98
Uniform,715,14,1508.97
Dress,1621,16,3770.65
Jeans,1994,15,3738.31
Shirt,2146,10,2197.41
Hoodie,4559,21,13356.26
Jeans,2029,15,4194.84
Dress,1618,19,3879.66
Jacket,4086,25,17930.15
Kurti,1465,13,2500.22
Hoodie,4623,22,15145.18
Blazer,4549,26,23170.22
Shirt,4090,8,3942.06
Jacket,1952,25,9156.01
Jacket,2047,28,8728.25
Dress,4927,19,11439.33
Jeans,2265,13,3822.64
Jacket,4717,20,20201.34
Dress,1947,15,4238.84
Hoodie,1379,17,3868.13
Kurti,3588,10,5182.24
Hoodie,290,17,863.31
Blazer,357,28,1933.29
Dress,4269,18,9801.23
T-Shirt,1841,6,1030.75
Uniform,3451,16,7356.27
Kurti,1706,11,2886.78
Trouser,2028,13,3334.07
Uniform,129,14,279.8
Shirt,336,9,280.37
Jeans,2537,15,5442.19
Dress,1546,18,3832.65
Shirt,1325,11,1361.8
Uniform,3274,18,7380.44
Dress,151,14,363.03
Kurti,1758,10,2431.3
Hoodie,4922,16,13817.67
Hoodie,3985,21,13306.78
T-Shirt,1848,7,1044.61
Jacket,2243,26,9847.7
Jacket,2658,22,10810.89
Blazer,2773,22,14236.14
Dress,861,14,2104.94
Jacket,233,20,1010.87
Kurti,2139,14,3536.67
Jacket,4361,22,20744.15
Blazer,1279,23,6044.84
T-Shirt,1838,6,1061.3
Hoodie,4421,17,13348.97
Kurti,1974,16,3279.14
Uniform,969,13,2015.35
T-Shirt,2423,8,1331.16
Blazer,3236,26,16031.73
Uniform,3165,12,5709.21
Hoodie,3032,17,9540.92
Jeans,4199,12,8152.79
Shirt,2996,9,2634.55
Hoodie,4954,17,14562.5
T-Shirt,1292,5,752.94
Trouser,3705,10,4955.95
Jacket,1434,27,6235.26
Hoodie,122,16,336.84
Jeans,579,14,1116.56
T-Shirt,2745,5,1469.43
Hoodie,1949,21,6294.37
Blazer,2059,25,10431.97
Jeans,3431,18,7610.69
Jacket,3477,27,16389.57
T-Shirt,2040,6,1022.65
Hoodie,2663,19,7467.79
Jeans,115,18,238.2
Uniform,839,14,1875.8
Blazer,3943,23,18550.71
Jeans,2534,17,5272.52
Jacket,1467,29,7370.0
Blazer,695,27,3699.18
Jacket,4559,25,21104.43
Jeans,361,18,630.2
Jacket,2236,27,10308.25
T-Shirt,1760,5,909.46
T-Shirt,384,7,230.19
Dress,2022,14,5056.94
Dress,4717,14,11143.33
Kurti,3536,13,5264.17
Jeans,4164,14,8483.96
Dress,3410,16,7875.02
Jeans,1915,18,3823.63
Blazer,3471,25,18462.64
Jeans,2672,18,5853.07
Jeans,356,16,704.06
Shirt,1767,10,1576.91
Jacket,4220,20,17176.5
Jeans,2269,15,4583.94
Uniform,1638,15,3558.33
Dress,4189,16,10069.14
Hoodie,796,19,2545.18
Kurti,2535,16,4387.14
Uniform,3829,12,6892.31
Jeans,4382,15,8219.46
Dress,885,16,2136.09
Jacket,2232,25,9369.31
Trouser,2277,12,3176.21
Jeans,363,18,750.99
Uniform,1536,14,2916.27
Shirt,3240,11,3386.47
Dress,114,19,282.17
Trouser,802,11,1170.56
T-Shirt,2655,6,1333.06
Jacket,3438,24,16276.0
Hoodie,3942,21,12482.48
Blazer,3771,29,19302.99
Uniform,4162,17,9343.53
T-Shirt,993,7,648.32
T-Shirt,4483,7,2460.73
Uniform,866,16,1644.9
Dress,850,17,2069.08
Trouser,2518,14,3792.6
Shirt,1677,8,1540.25
Shirt,3187,12,2962.55
Uniform,4997,13,9086.73
Hoodie,2428,16,6455.84
Dress,1460,16,3173.94
Shirt,3167,10,2939.65
Kurti,4919,12,7333.52
Hoodie,4644,22,15519.23
Dress,4786,17,10965.98
Trouser,1852,14,3002.31
Hoodie,430,17,1197.27
Kurti,1178,11,1851.06
Uniform,1685,16,3818.79
Hoodie,4568,20,14608.22
Kurti,1870,13,2968.91
Jacket,2633,30,13468.67
Trouser,244,13,338.14
Blazer,4142,27,24136.04
Jacket,961,25,4762.07
T-Shirt,843,7,473.71
Kurti,4475,15,8031.28
Jacket,1696,27,7768.03
Jeans,868,12,1602.47
Uniform,1834,17,3822.04
Kurti,4202,10,6488.41
Kurti,1480,16,2431.87
T-Shirt,2221,5,1354.02
Blazer,2823,30,15457.76
Kurti,426,16,816.98
Jacket,3739,22,14590.08
Jacket,1765,29,8073.67
Blazer,2005,23,9301.42
Jacket,3644,29,17764.56
Blazer,273,24,1304.77
Blazer,2276,27,13331.07
Dress,3872,20,9097.53
Kurti,667,16,1051.12
Hoodie,2445,20,7053.05
Jacket,4832,25,23868.43
Kurti,3368,15,5328.69
Shirt,4267,10,4341.13
Uniform,2155,17,4885.66
Jeans,3110,18,5962.85
Shirt,3970,10,3892.14
Trouser,3708,13,5386.12
Uniform,4908,16,10981.48
Hoodie,486,16,1444.02
Dress,4286,17,10379.17
Trouser,4411,12,6400.31
Kurti,4073,16,6905.41
Dress,3333,20,8648.25
Jacket,4892,22,19261.38
Dress,1355,17,3213.11
Uniform,4016,15,7754.45
Dress,4517,16,10336.97
Shirt,1389,12,1481.36
Jacket,1372,23,5850.13
Kurti,2334,10,3752.7
Dress,3939,15,10043.51
Hoodie,4732,19,14881.05
Kurti,1047,12,1616.27
T-Shirt,4582,7,2462.87
T-Shirt,636,5,334.94
T-Shirt,1962,5,1124.58
Trouser,1969,10,2881.84
Jacket,379,22,1599.26
Hoodie,3467,19,11545.33
Hoodie,1055,22,3243.57
T-Shirt,4563,7,2540.41
Kurti,3293,10,5247.9
Blazer,3804,22,17683.58
Jacket,4613,21,20887.96
Hoodie,2332,18,7614.1
Blazer,1811,22,9838.16
Uniform,328,16,787.98
Dress,333,15,753.79
Trouser,1744,13,2627.1
Jacket,4719,25,20729.98
Shirt,428,9,387.39
T-Shirt,2152,7,1084.15
Shirt,918,11,852.5
Trouser,4206,11,5608.06
Jacket,2605,27,10976.46
Hoodie,911,19,2823.27
Jeans,3589,18,7824.17
Blazer,1293,24,6554.27
Trouser,3666,10,5557.85
T-Shirt,370,6,145.98
Uniform,4557,15,8580.1
Trouser,868,12,1317.65
Jacket,950,28,4639.28
Dress,2759,15,6049.34
Hoodie,4093,16,12909.07
Blazer,1530,25,7609.43
Jeans,3876,12,6525.99
Uniform,2889,17,6640.95
Uniform,1444,16,3178.0
Jacket,707,20,3050.32
Blazer,3561,22,19408.46
Blazer,4996,29,29701.27
Dress,4116,16,9411.77
Jacket,4943,24,19798.71
Trouser,1223,14,1778.16
Shirt,3772,9,3707.52
Shirt,1852,11,1925.94
Kurti,3799,12,5887.73
Jeans,4093,14,8459.7
Blazer,3337,30,20067.62
Uniform,4974,14,9630.58
Dress,2935,15,6638.73
Shirt,734,8,660.74
Uniform,4810,13,9377.49
Shirt,514,10,493.9
Trouser,2986,14,4567.77
Shirt,125,12,88.09
Uniform,1782,18,3740.97
Uniform,4046,15,7561.84
Blazer,132,29,693.26
Trouser,4962,11,7660.33
Shirt,4118,10,3787.63
Shirt,2714,10,2401.42
Kurti,1885,14,2912.08
Dress,862,19,2103.17
Shirt,3405,11,3241.45
Blazer,4536,29,24042.55
Dress,4846,16,11823.8
Shirt,3908,10,3725.94
Jeans,635,14,1159.87
Shirt,3207,9,3183.65
Trouser,2071,10,3205.39
Jacket,3555,24,14477.42
Jeans,362,13,648.7
T-Shirt,457,8,255.91
Jacket,1088,24,5112.54
Jacket,1013,25,4999.77
Blazer,1571,29,8781.74
Uniform,4117,13,7802.03
Jeans,1150,16,2472.72
Jeans,862,13,1644.51
T-Shirt,3963,8,2169.29
T-Shirt,3285,5,1714.43
Dress,3359,16,8723.44
Trouser,4384,14,7182.2
Jacket,2726,28,13590.05
Jacket,1228,28,5716.92
Trouser,3852,10,5245.22
Dress,2283,17,5592.2
Dress,915,18,2377.68
Trouser,2896,10,3843.98
Dress,2759,19,7353.59
Jeans,4144,17,8859.44
Kurti,3706,13,6058.09
Dress,320,15,837.58
Kurti,1830,11,2937.82
Kurti,1556,15,2802.22
Jacket,3216,29,16087.56
Dress,2068,18,5164.34
Dress,4503,14,10626.46
Blazer,549,25,2776.27
Jeans,2376,17,4826.27
Jeans,3208,16,6363.64
Trouser,3406,10,4769.75
Jeans,4274,18,8366.37
Trouser,3706,15,6225.04
Trouser,3266,12,4990.86
Jeans,4848,16,8883.89
Jacket,4754,22,20415.42
Trouser,4790,10,7547.61
Blazer,3892,22,18904.29
Kurti,2928,13,4981.16
Blazer,2828,22,14689.85
Jeans,3326,18,6270.45
Shirt,2920,8,2663.41
Shirt,4966,11,4621.77
Dress,2722,14,6486.22
T-Shirt,2174,5,1261.36
Jeans,2553,16,5095.35
Jeans,1109,18,2267.67
Jacket,2286,27,9577.11
Kurti,4618,14,7268.97
Dress,950,20,2342.52
Hoodie,3249,22,9755.46
Dress,2754,20,7682.09
T-Shirt,3864,5,2161.47
Jeans,1818,16,3680.65
Shirt,923,11,809.07
Shirt,3203,10,3018.05
Hoodie,4152,17,12367.84
Jeans,1334,16,2488.83
Dress,774,15,1896.72
Trouser,3894,13,5554.3
Uniform,3319,14,6551.81
Uniform,4391,16,9367.11
Jacket,1056,29,4881.88
T-Shirt,1201,7,578.89
Blazer,4571,29,24955.39
Jeans,2780,17,5996.28
Dress,4031,15,10340.54
Kurti,4881,11,7578.0
Shirt,3967,11,3476.82
Blazer,4330,25,21374.92
Trouser,285,15,488.91
Dress,1091,19,2811.32
Shirt,3498,10,3172.8
Shirt,2961,9,3103.16
Shirt,2823,12,2644.99
Shirt,4162,10,3837.12
Jeans,383,16,808.25
Jacket,723,20,3251.05
Uniform,2643,16,6075.81
Jeans,1415,17,2535.93
Jeans,4522,12,8254.13
Shirt,2617,12,2487.0
T-Shirt,2998,5,1713.11
Trouser,253,13,373.14
Jacket,4166,30,20734.72
Hoodie,4349,16,11687.36
Kurti,2653,14,4105.3
T-Shirt,4646,7,2865.42
Uniform,3458,16,7936.21
Jacket,4574,27,23100.75
Dress,4703,19,12539.87
Blazer,859,28,4957.32
Hoodie,3764,20,10824.27
Dress,1272,17,3102.21
Trouser,4200,12,5996.49
Uniform,4073,12,8839.28
Jeans,2114,18,4445.82
Dress,2987,18,7569.78
Shirt,2095,9,2136.7
Dress,2390,14,5219.57
Blazer,2701,29,14802.37
Shirt,3380,9,2860.69
Trouser,511,13,649.19
Dress,1043,17,2733.78
Shirt,1700,11,1543.97
Jeans,1941,16,4004.22
Trouser,4932,10,7000.18
Dress,675,19,1635.18
Kurti,1039,13,1581.37
Dress,2513,19,6647.12
Trouser,160,13,247.45
Jeans,2267,16,4649.46
Dress,1887,18,4689.87
Kurti,3537,14,6222.62
Kurti,948,14,1416.01
Kurti,4216,13,7249.18
T-Shirt,1615,6,907.97
Jeans,3304,17,6852.66
Dress,4326,17,9930.84
Jeans,1526,14,2669.44
Dress,235,14,532.02
T-Shirt,3025,7,1728.36
Uniform,693,12,1263.12
Kurti,1787,15,2915.71
Blazer,1835,30,9377.97
Kurti,3530,10,5289.28
Trouser,2626,10,4027.39
Dress,1582,14,3286.88
Jacket,1977,21,8347.03
Jacket,1397,27,6327.41
Dress,2128,15,4942.94
Trouser,3571,14,5661.29
Jeans,2228,17,4843.4
Dress,3809,15,9058.06
Hoodie,2361,16,6888.97
Dress,714,16,1636.22
Hoodie,2481,16,6548.81
Trouser,3607,13,5694.74
Hoodie,3008,16,8896.62
Trouser,4073,10,5299.35
Jacket,1277,25,5988.61
Jeans,4979,16,10640.68
T-Shirt,4310,7,2659.02
Trouser,2054,11,2917.0
Hoodie,260,17,825.3
Jeans,3783,16,7540.55
Jeans,1039,15,1844.19
Blazer,1497,27,8112.49
Blazer,895,24,4490.88
T-Shirt,3218,6,1760.61
Hoodie,1686,21,4790.25
T-Shirt,3437,7,2037.14
Dress,399,16,1002.5
Dress,2485,20,6310.46
Jeans,718,14,1386.02
Jeans,4791,16,10367.64
Trouser,2135,11,2907.29
Hoodie,1025,21,3106.66
Dress,3356,18,8997.09
Shirt,3135,12,2904.45
Kurti,2516,13,4035.29
Shirt,192,12,211.42
T-Shirt,1756,7,1002.46
Jeans,2326,12,4546.45
Hoodie,715,17,2031.33
Jeans,462,17,939.33
Uniform,2669,17,5742.33
T-Shirt,4558,6,2565.95
Blazer,243,23,1213.11
Uniform,4536,13,9360.02
T-Shirt,4346,7,2409.87
Jacket,461,23,2117.13
Kurti,4500,12,6682.7
Trouser,2725,15,4494.66
Shirt,2862,10,2839.2
T-Shirt,4551,8,2511.41
Jeans,508,12,891.79
Shirt,2841,9,2732.15
Kurti,750,14,1373.19
Shirt,612,11,617.77
Jeans,1298,17,2439.94
Kurti,665,10,1004.09
Trouser,2479,12,3339.02
Kurti,1386,12,2281.96
T-Shirt,4127,7,2408.2
Jacket,4299,30,19417.95
Shirt,1424,10,1299.93
Shirt,1065,10,889.71
T-Shirt,2805,7,1568.05
Kurti,3255,12,5165.95
Blazer,3789,29,21332.66
Shirt,3915,12,4258.71
Shirt,3385,8,3039.47
Shirt,3882,11,3597.79
Jacket,2138,26,10379.01
Jeans,3617,13,6956.72
T-Shirt,1167,6,726.94
Uniform,4167,18,9611.27
Jacket,1525,25,6972.49
Kurti,2687,11,4631.23
Jeans,971,12,1746.33
Trouser,3520,10,5249.4
Hoodie,1100,16,3485.28
Hoodie,3232,19,9532.99
Trouser,3415,14,4728.5
Trouser,4964,11,7429.03
Jeans,4118,14,8566.03
Dress,2779,16,7263.66
Blazer,4496,24,23687.41
T-Shirt,1478,6,822.87
Hoodie,810,18,2269.37
Jeans,709,16,1302.25
Hoodie,2619,17,7994.58
Kurti,4722,15,7432.28
Trouser,3507,12,5224.83
Uniform,2507,12,5233.46
Jeans,1457,16,2794.36
Trouser,4217,14,5865.1
Trouser,4391,14,6921.41
Shirt,667,10,667.43
Trouser,3338,11,4779.79
Trouser,141,13,183.91
Shirt,540,12,506.99
Kurti,4602,14,7778.62
Uniform,4155,16,9004.08
Hoodie,2611,17,8413.79
Jeans,1990,13,3690.14
Jeans,4623,13,9250.7
Jacket,3895,27,16513.27
Jacket,2127,29,10256.01
Jacket,3341,25,15000.82
Dress,979,16,2118.24
Kurti,3544,11,5990.78
Jacket,477,28,2212.45
Blazer,4588,25,23178.67
T-Shirt,389,7,240.92
Blazer,2991,26,15429.28
Dress,3921,16,9577.43
Blazer,3277,26,18087.73
Blazer,4813,28,28077.93
Blazer,3641,30,20543.39
Blazer,3837,25,19695.09
Shirt,3450,12,3597.25
Jeans,440,16,876.55
Blazer,2235,24,11774.17
Uniform,3458,13,7340.81
Trouser,1543,14,2463.08
Jeans,3471,17,6597.3
Shirt,1746,11,1827.34
Uniform,4098,12,8044.27
Kurti,4586,13,7085.79
Jeans,226,12,345.47
Blazer,440,27,2635.23
T-Shirt,1705,6,956.14
Dress,2508,19,6669.11
Trouser,3312,15,5514.01
Dress,1178,14,2463.36
Uniform,1263,18,2731.41
Kurti,858,16,1487.45
Dress,3739,15,8843.44
Jacket,4386,24,19011.12
Trouser,3011,12,4570.3
Uniform,2488,12,4951.63
T-Shirt,1634,7,881.66
Shirt,1163,9,1064.69
Hoodie,3604,18,10974.91
Hoodie,1441,21,4706.59
Blazer,3162,27,16560.95
Jeans,1801,17,3472.94
Jeans,1650,17,3454.08
Hoodie,3555,21,10839.97
Dress,4868,17,11968.04
Dress,3526,14,8143.33
Hoodie,4112,19,12745.74
Kurti,1821,15,2847.71
Uniform,2597,16,5459.19
T-Shirt,1116,5,565.07
T-Shirt,3892,5,2143.94
Hoodie,2916,16,8417.85
Shirt,693,11,777.75
Blazer,4629,28,25334.08
Jeans,4353,13,8921.07
Jeans,652,18,1279.37
T-Shirt,1693,6,1006.4
T-Shirt,2037,6,1123.78
Uniform,1044,16,2326.99
Hoodie,3576,18,10271.39
Trouser,2190,11,3396.62
Jeans,746,13,1325.48
Jeans,2672,15,4957.27
Uniform,918,13,1902.3
Blazer,4743,30,24919.3
Uniform,3274,15,7282.67
Jacket,567,21,2573.68
Jeans,1345,16,2807.85
Uniform,3207,18,7550.44
Jeans,701,15,1347.59
Shirt,2633,10,2750.14
Uniform,1230,16,2493.08
T-Shirt,1967,7,1107.13
T-Shirt,309,6,137.12
Trouser,4169,10,5903.0
T-Shirt,4870,5,2846.59
Hoodie,773,18,2369.46
Jacket,856,20,3437.33
Dress,1587,18,3673.83
Trouser,597,15,841.65
Dress,1640,19,3744.96
Kurti,3466,14,5663.53
Blazer,1460,23,7895.34
Uniform,833,12,1762.45
Trouser,2815,11,3819.46
Uniform,2192,18,5076.88
Jacket,3155,20,11955.71
Hoodie,1825,21,6026.74
T-Shirt,3811,5,1947.96
T-Shirt,4546,7,2311.28
Dress,4258,18,10264.26
Blazer,1799,28,9912.1
Shirt,1938,11,1906.72
Hoodie,2439,17,7353.13
Kurti,2781,14,4430.45
Hoodie,2047,21,6864.95
Uniform,1138,17,2552.45
Kurti,4815,12,7399.22
T-Shirt,2849,5,1493.39
Trouser,3589,10,5126.11
Shirt,2019,12,2072.19
Uniform,4868,13,10146.79
Uniform,614,12,1329.33
Jacket,655,20,2972.31
T-Shirt,3118,7,1643.44
Trouser,3375,13,5312.47
Hoodie,3792,21,12625.95
Hoodie,3439,17,9634.08
Jeans,2925,13,5953.58
Dress,2595,14,6040.48
Hoodie,450,18,1337.76
Dress,934,20,2481.16
T-Shirt,3542,7,1970.51
Kurti,4221,10,6920.75
Dress,397,17,899.21
Trouser,2401,12,3639.82
Dress,3282,19,8391.23
Shirt,3887,12,3558.57
Jeans,1374,14,2642.13
Hoodie,1285,16,3745.92
Dress,4600,16,11652.97
Hoodie,4987,21,15511.69
Blazer,4057,24,19840.73
Shirt,1052,9,958.63
Kurti,2091,11,3595.31
Jeans,203,13,425.73
T-Shirt,4049,6,2454.57
Jacket,4330,22,18884.62
Trouser,3750,11,6033.04
T-Shirt,4856,7,2895.79
Dress,2215,18,4979.56
Jeans,4616,18,9042.7
Jacket,869,22,3426.56
Kurti,3484,12,6120.19
T-Shirt,2274,8,1419.29
Uniform,2386,13,4848.32
Hoodie,2095,17,5943.85
T-Shirt,600,8,333.56
Shirt,2084,11,2154.04
T-Shirt,1032,7,591.95
T-Shirt,766,8,442.4
Blazer,1233,27,7043.73
Shirt,4674,12,4403.54
T-Shirt,2511,5,1271.73
T-Shirt,766,8,495.87
Shirt,3176,12,3336.94
Uniform,3851,16,7800.99
Hoodie,4472,18,13340.37
Shirt,871,12,905.88
Kurti,3783,16,6054.3
Uniform,2768,17,6168.2
Jeans,3341,17,6614.34
Shirt,4286,8,4133.75
Blazer,1011,24,5111.69
Shirt,3568,8,3179.48
Trouser,3939,13,5417.64
Shirt,1859,9,1846.23
Dress,1926,16,4779.22
Uniform,358,13,706.44
Blazer,1004,24,5506.36
Shirt,4247,11,4273.38
Jacket,2341,23,9986.39
Jacket,2795,20,11230.39
Kurti,2404,13,4284.03
Dress,3009,16,6432.45
Trouser,4368,14,6129.9
Dress,984,15,2223.36
Hoodie,2139,18,6392.35
Jacket,2434,26,11122.28
Dress,542,19,1318.09
Jacket,4550,29,23611.5
Hoodie,2576,20,7345.97
Uniform,1930,16,4196.26
Hoodie,4929,22,16571.01
Jacket,1767,21,8044.25
Jacket,2259,21,10223.77
T-Shirt,1515,6,759.68
Hoodie,1788,22,6143.52
Kurti,994,10,1683.95
Trouser,1075,11,1680.79
Jeans,4367,16,9474.44
Blazer,765,27,4498.48
Shirt,2995,10,2813.73
Kurti,4638,12,7627.63
Dress,677,15,1610.78
Kurti,4976,12,8181.58
T-Shirt,3267,5,1954.59
Jeans,107,15,170.31
Uniform,4012,18,8573.51
Jeans,4395,12,8494.81
Trouser,296,15,473.34
Kurti,1891,13,3108.4
Hoodie,3643,22,11785.52
Shirt,3674,11,3752.89
Blazer,3224,24,16568.56
Blazer,4952,23,25059.04
Jacket,4283,23,19538.75
Blazer,3133,25,15573.35
Dress,752,20,1725.54
Dress,972,19,2603.59
Shirt,1550,9,1544.8
Jacket,3436,25,15465.04
Dress,502,15,1198.2
Trouser,3250,15,5497.23
Blazer,1954,22,9902.04
Shirt,4671,8,4669.3
Hoodie,1889,17,5553.37
T-Shirt,1595,8,944.05
Hoodie,4795,16,12530.93
Shirt,1419,10,1391.11
Blazer,1053,23,5709.77
Dress,693,17,1571.13
Hoodie,4570,18,13818.48
Hoodie,2709,17,8340.66
Jeans,1387,14,2793.87
Blazer,1005,26,5158.22
Kurti,555,12,844.36
T-Shirt,3709,8,2093.19
Blazer,3162,30,18563.53
Shirt,2745,12,2682.69
T-Shirt,1714,7,943.66
T-Shirt,1549,6,942.86
Blazer,3773,23,20139.15
T-Shirt,2384,7,1245.28
Blazer,3217,25,17235.88
Trouser,2758,13,4142.25
Jacket,4862,21,19078.55
Jeans,4521,16,9621.01
Shirt,4215,11,4327.85
T-Shirt,3060,8,1788.7
Trouser,4897,13,7648.44
Blazer,1617,28,8517.44
Dress,1879,14,3984.69
Trouser,4457,13,6288.38
Trouser,4131,14,6128.19
Jacket,2337,21,10263.86
Kurti,1349,11,2059.52
Jeans,4514,14,9584.1
T-Shirt,4208,5,2331.9
Trouser,4084,11,5453.6
Jacket,1954,20,7993.53
T-Shirt,705,7,407.38
Kurti,4606,10,7476.79
Blazer,4389,23,20665.32
Kurti,700,15,1043.6
Kurti,881,10,1462.5
Trouser,2916,13,4124.65
Blazer,631,26,3673.36
Uniform,2575,18,5872.99
Jeans,1739,18,3822.32
Jeans,1847,14,3831.77
Hoodie,571,21,1797.11
Jacket,3195,25,14432.69
Hoodie,3896,21,12858.58
Jacket,268,20,1243.22
Blazer,4814,23,24887.59
Shirt,3526,12,3720.01
T-Shirt,3361,6,1979.58
Kurti,4448,12,7730.53
Uniform,3312,18,7720.57
Jacket,2442,28,12360.9
Trouser,2619,10,3473.86
Dress,2354,17,6067.7
Uniform,2414,18,4870.71
Jacket,4699,30,24418.46
Shirt,2424,10,2570.92
Trouser,379,13,564.99
Shirt,4001,9,3870.71
Jeans,3268,14,5765.44
Jeans,4642,18,9289.5
Shirt,1133,11,1265.68
Kurti,569,14,860.59
Jacket,2104,23,9679.17
Uniform,1527,14,3245.24
Jacket,115,23,526.91
Jeans,1923,13,3312.1
Trouser,2891,15,4468.66
Jacket,3225,20,12788.92
Jeans,3148,15,6203.66
Shirt,1247,9,1240.56
Shirt,4439,12,4317.45
T-Shirt,833,7,509.34
T-Shirt,2521,8,1482.96
T-Shirt,211,5,150.34
Jacket,3253,25,15341.31
Shirt,2672,11,2396.14
Uniform,559,13,1192.78
Jeans,1030,18,2205.23
Uniform,4441,18,9177.31
Trouser,4517,14,6392.77
Shirt,1523,9,1450.03
Dress,460,15,985.62
Dress,2883,17,6855.62
Kurti,734,11,1209.51
Trouser,2158,14,3363.94
Uniform,3849,14,8051.36
Kurti,2678,11,4161.14
T-Shirt,2020,5,1170.75
Dress,305,18,751.2
Trouser,2729,12,4223.3
Trouser,4719,13,7414.63
Kurti,2973,12,4962.39
T-Shirt,2155,8,1372.61
Blazer,4482,23,23585.11
Jeans,239,12,435.53
Dress,4359,20,11115.97
Hoodie,4172,17,12577.93
Jeans,229,13,428.37
Dress,1825,17,4181.53
T-Shirt,2307,5,1349.67
Uniform,2527,15,5708.52
Shirt,1935,8,1707.37
Jacket,4070,20,15648.6
Blazer,443,22,2181.65
Jacket,2248,23,9527.71
Shirt,4333,11,4235.17
Shirt,1106,9,983.19
Shirt,372,8,224.29
Trouser,1829,12,2563.64
Kurti,2994,13,4572.86
Blazer,4962,25,23547.14
Uniform,4922,16,10796.52
T-Shirt,4670,6,2714.93
Kurti,4606,16,7284.57
Blazer,4467,29,23055.7
T-Shirt,2266,6,1232.82
Shirt,3504,12,3168.46
Jacket,3632,27,16201.93
Blazer,2736,29,15140.65
Kurti,4002,15,6712.94
Uniform,3396,12,6255.18
Blazer,1623,26,9019.8
Hoodie,4329,22,14187.32
Uniform,4905,13,10582.56
T-Shirt,2312,5,1344.99
Kurti,681,13,1089.2
Uniform,2482,13,5417.77
Hoodie,1983,18,5860.03
Jeans,1468,14,2962.02
Jacket,3198,23,13285.37
Shirt,1142,12,1186.31
Jacket,1723,24,7667.89
Kurti,1018,16,1638.9
Jeans,3095,12,5828.75
Jacket,1508,27,7559.22
Jeans,116,12,237.04
Jeans,3409,17,6905.88
Jacket,514,20,2210.12
Trouser,4872,14,8108.39
Jacket,549,27,2683.11
Kurti,2699,15,4516.92
Shirt,3268,8,3110.07
Jacket,2338,21,9026.99
Hoodie,273,16,751.11
Trouser,2723,10,3826.32
Uniform,3178,18,6978.61
Jeans,3884,16,6952.13
Jeans,1850,16,3749.77
Jacket,705,27,3292.38
Blazer,2613,30,13723.89
Shirt,1645,11,1715.05
Blazer,4882,30,27899.51
Jacket,4902,23,22438.7
Trouser,687,12,1133.6
T-Shirt,754,5,480.67
T-Shirt,4339,6,2655.7
Shirt,2876,8,2676.07
Shirt,1760,10,1673.49
Blazer,1853,30,10798.32
T-Shirt,833,8,517.5
Jacket,2166,27,9725.07
Jeans,3238,17,6544.3
Kurti,4828,15,7810.6
Kurti,4780,14,7639.21
Jeans,2741,12,5221.64
Jacket,4431,24,20200.56
Uniform,3590,16,7194.44
Blazer,622,24,3298.47
Blazer,2842,30,17001.79
Uniform,1076,12,2133.13
Shirt,1579,10,1358.74
T-Shirt,1499,7,856.99
Hoodie,3348,19,9370.59
Trouser,4135,10,5704.96
Shirt,1526,12,1667.4
Dress,2244,19,6010.03
T-Shirt,3823,8,2033.16
Jeans,3043,14,5384.61
T-Shirt,2784,7,1609.66
Jeans,995,16,1850.24
Hoodie,2237,19,6267.48
T-Shirt,3010,7,1771.63
T-Shirt,1831,8,1128.89
Trouser,2428,10,3808.44
T-Shirt,4805,6,2628.87
Trouser,2670,13,4349.59
T-Shirt,3905,5,2013.13
Uniform,185,15,364.14
Blazer,3988,29,21129.62
Kurti,4745,10,7978.81
Blazer,1291,27,6774.16
Uniform,4732,13,9953.65
Kurti,4940,13,7736.68
Trouser,1115,15,1808.67
Jeans,3138,15,5875.92
Jacket,4802,29,22565.54
Trouser,679,15,1119.94
Dress,3797,16,8225.08
Jeans,905,13,1630.06
Jeans,603,16,1177.53
Kurti,1899,13,2896.71
Hoodie,231,17,739.83
Trouser,1558,12,2212.71
Kurti,4871,15,8091.72
Shirt,1857,11,1683.03
Kurti,445,10,736.36
T-Shirt,1221,7,709.82
Uniform,1134,13,2190.05
Uniform,1256,17,2793.94
Kurti,1407,14,2526.19
Jacket,1495,26,6689.14
Kurti,2131,10,3391.34
Blazer,134,26,750.08
Blazer,3097,28,17576.56
Hoodie,1965,22,6526.36
Shirt,4874,11,4744.08
Uniform,1713,17,3821.23
Jeans,3616,12,6862.61
Hoodie,2219,19,6842.18
Uniform,2888,17,6286.22
Dress,3642,19,9386.22
Uniform,2554,15,5683.87
Shirt,4024,8,4077.57
T-Shirt,2055,7,1296.85
Jeans,4741,13,8442.32
Uniform,2470,12,4538.27
Jacket,3840,21,17109.9
Jeans,812,18,1653.99
Blazer,1084,22,5083.33
Hoodie,2226,16,6058.63
Uniform,2189,18,4466.73
Dress,4309,15,9686.81
Dress,3690,18,9302.85
Uniform,2307,16,4380.15
Dress,151,15,324.51
Hoodie,4443,16,12257.71
Dress,4739,18,10583.48
Dress,2680,18,7013.47
Blazer,387,25,1999.33
Jacket,2505,24,10512.19
Hoodie,4393,20,14173.31
Trouser,1995,14,2788.32
Dress,2191,17,5100.82
Jeans,1757,16,3592.29
Uniform,2648,12,4971.03
Blazer,2700,28,15698.15
Jacket,2561,21,11336.3
Blazer,2463,22,11371.54
Blazer,4233,27,21774.03
Uniform,4980,16,11002.64
Trouser,1809,12,2582.28
Blazer,3936,22,20544.23
Jacket,1570,25,6475.56
Uniform,1402,16,2961.23
Jeans,3456,12,6630.62
Blazer,3174,30,16565.89
Jeans,2660,14,5387.02
Shirt,1112,10,1045.63
Hoodie,4088,18,11800.71
Dress,3327,17,8530.49
Blazer,2224,28,11055.46
Hoodie,3759,22,11154.7
Jacket,384,23,1531.69
Hoodie,4822,19,14590.35
Jeans,2408,17,5159.84
Blazer,665,29,3246.52
Jacket,3604,24,15109.82
Trouser,2700,11,4282.83
Shirt,2247,10,2135.48
Hoodie,2803,19,7921.47
Kurti,3240,10,5184.31
Dress,1456,20,3457.42
T-Shirt,875,8,479.6
Blazer,631,22,3388.91
Dress,3557,18,9052.08
Dress,1448,18,3716.58
Shirt,2974,12,2867.27
Dress,2609,14,5474.21
Uniform,4742,17,9971.86
Jeans,108,16,211.11
Trouser,2703,13,3904.41
Blazer,1351,28,7514.28
Trouser,292,12,418.93
Hoodie,4412,21,14252.87
Shirt,2394,11,2225.68
Uniform,2744,17,6225.82
Jeans,3856,13,7139.18
Hoodie,3896,16,10864.24
T-Shirt,4645,8,2628.01
Hoodie,2823,22,8659.3
Jeans,4958,15,9450.16
Jeans,3909,18,7485.62
Shirt,2024,8,1770.3
Trouser,1307,12,1794.95
Jeans,338,13,663.86
Blazer,3212,27,15664.13
Blazer,2364,30,12761.41
Shirt,730,8,735.13
Shirt,3873,12,4067.67
Shirt,903,10,980.62
Jeans,3819,14,7375.38
Jacket,2165,22,9007.92
Jeans,1342,15,2701.58
Shirt,1936,12,2008.54
Shirt,2844,10,2963.27
Jacket,3405,25,15065.37
Jacket,416,24,1983.39
Trouser,3008,15,4977.5
Jacket,1832,26,8889.57
Jacket,4118,22,16892.89
Dress,4152,17,10636.74
T-Shirt,2806,8,1711.75
Shirt,3247,9,3140.25
Jeans,215,15,399.79
Shirt,2875,9,2824.47
Uniform,4491,18,10411.41
Kurti,1926,10,3265.61
Shirt,4230,8,3735.49
T-Shirt,3749,5,2165.02
Kurti,3303,10,4626.54
Trouser,2061,13,3357.78
Blazer,4240,26,21537.29
Jeans,3827,15,8225.65
Kurti,1369,16,2318.39
Kurti,4041,14,6400.63
Shirt,1964,9,1750.22
Shirt,2555,12,2693.65
Trouser,3911,12,6000.63
Kurti,1298,12,2139.13
Shirt,4965,9,4309.54
T-Shirt,1177,6,690.75
Shirt,1778,11,1707.32
Kurti,2469,12,4132.11
Kurti,1992,11,3120.51
Uniform,2152,13,4627.57
Blazer,1372,30,7739.55
Hoodie,1869,17,5478.43
Kurti,2464,10,3659.28
Dress,2560,16,5792.16
Jacket,954,30,4979.06
Jacket,771,25,3286.85
Trouser,3397,12,4689.03
Jeans,1628,17,3237.08
Kurti,2321,16,3577.86
Hoodie,4829,19,15068.54
Hoodie,3522,18,10483.29
Jacket,4320,29,19509.74
T-Shirt,1744,7,992.08
Jeans,4803,12,8996.07
Dress,3497,14,7541.39
Jeans,3590,13,6439.06
Uniform,3528,13,7391.69
Jacket,4809,30,24509.96
Jacket,2756,24,11878.86
Blazer,2405,22,12131.4
Jacket,3560,28,17121.65
Shirt,764,9,734.67
Uniform,1283,15,2866.67
Jacket,4996,21,22519.17
Hoodie,2445,20,8243.61
T-Shirt,4996,5,2715.78
Jacket,1671,27,8009.42
Trouser,2167,15,3171.04
Jeans,2988,14,5825.77
Blazer,2500,28,12698.21
Hoodie,977,16,2880.26
Blazer,3203,26,16722.05
Dress,1234,14,2798.19
Shirt,2691,9,2297.94
Dress,3657,19,8779.08
Jacket,1013,26,4661.14
Jacket,2833,20,12395.51
Hoodie,283,17,748.47
Kurti,4834,14,7306.71
Uniform,4914,16,9702.75
Blazer,1309,30,6853.14
Hoodie,4855,19,15526.37
Dress,4383,16,9751.66
T-Shirt,3330,7,2021.01
Trouser,2298,14,3588.22
Uniform,2755,18,5842.04
Blazer,2678,22,14601.65
Blazer,1798,23,9500.62
Trouser,3804,10,5147.34
Jacket,1057,22,4929.75
T-Shirt,2655,7,1452.41
Shirt,1442,10,1308.72
Kurti,3609,12,6339.43
Jacket,2665,26,12328.41
Dress,210,19,478.96
Dress,2260,19,5318.07
Dress,2058,14,4546.94
Jeans,3323,14,7003.45
Kurti,4977,14,8730.12
Hoodie,2476,19,8083.88
Trouser,2620,15,3919.44
Hoodie,359,20,1071.02
Dress,165,19,431.06
Shirt,3641,8,3228.68
Shirt,3897,9,3790.61
Blazer,1412,29,7752.37
Jacket,630,23,2986.32
Blazer,2986,25,16219.29
Blazer,1878,30,10235.12
Blazer,3737,26,18071.27
Uniform,4048,14,8638.23
Uniform,473,14,1005.56
Uniform,4496,14,9832.79
Shirt,225,8,253.8
Shirt,4718,9,4427.08
Dress,3918,20,10671.76
Trouser,2488,12,3443.57
Trouser,3374,10,5117.77
Dress,3148,16,7273.16
Uniform,4277,16,9856.81
Jeans,1766,17,3641.55
Dress,1170,15,2973.14
Jeans,1520,12,3029.94
Uniform,1488,15,2981.89
Uniform,3818,14,7071.74
Blazer,4124,29,23465.87
Blazer,709,27,4086.04
Jacket,3708,26,18398.92
Jeans,2535,18,4917.07
Jacket,1175,22,4573.76
Dress,2729,15,6531.96
Shirt,1233,10,1311.99
Dress,3856,15,8868.24
Uniform,4200,16,8438.94
Trouser,2582,13,3910.81
Jeans,2215,14,3987.76
Blazer,3557,28,19456.78
Blazer,1643,30,9271.91
Jacket,2136,25,10272.13
Hoodie,355,22,973.38
Hoodie,3018,22,9888.37
T-Shirt,3432,7,2061.99
Shirt,2682,12,2907.54
Trouser,3095,13,5085.88
Hoodie,3418,17,9340.47
Kurti,2928,14,4807.94
T-Shirt,1370,7,792.05
T-Shirt,3054,7,1779.37
Hoodie,952,18,2763.92
Shirt,2695,11,2806.39
Jeans,4783,12,9199.26
Dress,2566,20,7052.99
Uniform,2829,16,6511.77
Shirt,3538,9,3004.32
Uniform,4650,18,10997.27
Jacket,4991,30,24910.69
Hoodie,3057,17,8356.23
T-Shirt,879,7,456.5
Kurti,2380,10,3920.9
Jacket,1682,28,7845.75
Dress,557,19,1469.75
Dress,1005,17,2295.54
Shirt,3491,10,3152.56
Hoodie,2044,20,5945.19
Kurti,285,10,450.9
Blazer,4550,29,22766.46
Jeans,376,16,818.81
Shirt,2713,8,2561.3
Dress,3139,19,7686.07
Uniform,4278,16,8888.13
Dress,2346,17,6204.89
Trouser,3701,12,5879.23
T-Shirt,3927,7,2217.6
T-Shirt,2300,5,1157.24
Hoodie,1632,19,4519.91
Uniform,4017,12,7255.39
Hoodie,811,18,2373.83
Trouser,2046,12,3006.81
Jacket,2477,24,11932.7
Uniform,2203,14,4904.15
Jacket,2264,20,9801.4
T-Shirt,4145,5,2255.17
Kurti,3065,16,4784.41
Uniform,637,16,1438.06
Jacket,917,23,3746.69
Dress,2180,18,4966.89
Shirt,2131,9,2114.32
Jacket,331,29,1470.51
Hoodie,4029,16,10640.46
Trouser,2123,11,3306.75
Blazer,1502,30,8825.64
Shirt,507,8,351.81
T-Shirt,3209,6,1964.1
T-Shirt,566,6,338.33
Trouser,2697,15,4345.12
Kurti,3417,14,5772.96
T-Shirt,468,7,320.76
Trouser,4713,10,6970.77
Jeans,1232,15,2349.99
Jeans,4128,14,8680.53
Blazer,1058,29,6359.55
T-Shirt,4037,8,2312.46
Jacket,2402,25,10922.54
Dress,3794,15,8249.64
Hoodie,805,17,2478.4
Uniform,2067,16,4769.29
Blazer,4538,30,23448.09
Blazer,3929,22,19811.69
T-Shirt,4565,8,2442.94
Hoodie,300,18,958.43
Blazer,1151,22,5596.97
Uniform,3613,16,7315.92
Kurti,122,14,125.92
Hoodie,2854,19,9092.69
Shirt,2590,12,2728.87
Blazer,3428,24,18178.7
Jeans,3702,17,7878.58
T-Shirt,2364,7,1489.34
Shirt,775,10,703.77
Jacket,4059,21,16021.84
Hoodie,3684,18,11410.09
Trouser,4042,12,5404.5
Hoodie,301,20,923.23
Trouser,1717,15,2757.29
Hoodie,464,21,1521.84
Uniform,2337,14,4347.87
Kurti,3676,12,6233.92
Hoodie,3472,21,10753.46
Dress,2089,18,5446.91
Blazer,4204,25,22331.33
Jacket,4005,28,20549.9
T-Shirt,147,5,133.12
Kurti,3741,10,6017.79
Shirt,4285,8,4290.52
Uniform,3102,12,6046.32
Blazer,1163,27,5672.94
Uniform,440,15,891.72
Trouser,1674,12,2754.71
Hoodie,1640,16,4525.18
T-Shirt,3619,8,2187.0
Blazer,3967,23,21311.3
Hoodie,1702,18,5223.29
Hoodie,4872,18,15061.34
Kurti,1379,15,2204.75
Jeans,2764,17,5418.96
Blazer,287,28,1565.26
Jacket,2988,29,13219.79
Trouser,3952,14,5995.39
T-Shirt,717,7,370.94
Hoodie,2375,18,6962.76
Jacket,3934,21,15489.66
Dress,267,16,694.64
Jacket,3356,27,14036.53
Dress,1574,19,3974.39
T-Shirt,3774,5,2128.91
T-Shirt,958,7,540.65
Hoodie,4828,20,14559.68
Uniform,4314,15,9859.38
Dress,262,19,535.24
Jeans,947,16,1927.13
Blazer,4935,22,24117.46
Kurti,3124,16,5028.09
Hoodie,568,19,1601.57
Blazer,2956,24,13817.87
Kurti,818,14,1458.21
Hoodie,3781,22,13081.66
Uniform,3319,17,6648.35
Shirt,4160,8,3769.55
Jeans,4026,16,7646.84
Uniform,4454,14,9537.45
Blazer,1514,29,9210.26
Uniform,2373,14,4925.49
Uniform,3423,18,7737.31
Jeans,4219,14,7846.57
Trouser,341,12,524.92
Shirt,887,8,808.23
Kurti,4605,12,7663.7
Jacket,485,22,2026.58
Hoodie,4297,20,11983.9
Shirt,334,9,275.15
Trouser,908,14,1287.59
Jeans,1160,14,2026.97
Kurti,4077,13,7191.97
Shirt,1988,8,1830.3
Shirt,1287,8,1082.94
Uniform,2582,13,4814.46
Trouser,2523,15,3694.72
T-Shirt,2391,5,1301.05
Shirt,2422,12,2512.43
Blazer,2554,29,14388.9
Trouser,1701,13,2355.56
Kurti,997,13,1485.68
Jacket,1451,24,6868.12
Kurti,199,13,370.5
T-Shirt,527,7,321.91
Jeans,3107,18,6694.7
Hoodie,2389,22,7003.64
Shirt,2096,12,2015.31
Kurti,2816,10,4248.0
Blazer,3016,22,15211.83
Blazer,2153,22,11254.29
Blazer,874,30,5164.31
Dress,4144,15,10157.31
Dress,2515,16,6432.37
Jeans,1512,17,2927.43
Uniform,4692,13,9161.79
Hoodie,2599,22,8214.32
Kurti,3159,15,4802.94
Trouser,4666,14,6401.96
Dress,3422,16,8040.77
Uniform,4594,13,10140.96
Blazer,4162,30,25365.08
Jacket,1012,26,5042.51
Uniform,3934,13,8348.93
Kurti,352,16,573.14
T-Shirt,136,5,75.76
Trouser,2467,10,3585.76
Kurti,2542,14,4611.92
Hoodie,4281,22,12816.14
Uniform,3116,14,6566.31
Trouser,2912,15,4780.45
T-Shirt,4284,8,2381.18
Hoodie,3382,20,11193.9
Jeans,4082,13,7946.19
Shirt,653,9,639.48
Kurti,3189,13,4899.14
Dress,3884,17,9200.88
Hoodie,156,21,478.05
Jeans,3989,12,6750.96
Kurti,813,15,1283.96
T-Shirt,3586,6,1865.68
Blazer,2508,25,14452.76
Jeans,1497,17,3157.83
Jeans,1449,13,2589.1
Hoodie,2947,22,9283.33
Jacket,1739,21,6780.12
Dress,4827,18,10750.9
Jacket,4027,30,18065.86
Uniform,4830,15,9654.19
Shirt,3297,10,3205.19
Uniform,2608,18,5542.84
T-Shirt,1044,5,558.37
Kurti,2556,14,4108.13
Trouser,1668,14,2550.98
T-Shirt,4006,6,2093.18
Shirt,3370,8,3308.19
Jeans,3386,13,6634.68
Kurti,4823,12,7639.18
Dress,1168,17,2863.76
Kurti,670,16,1306.59
Jacket,720,24,3474.19
Shirt,2964,8,2980.83
Kurti,1257,15,2201.92
Blazer,2157,28,11198.99
Hoodie,1160,16,3195.5
Shirt,1662,11,1627.13
Trouser,1360,13,1867.94
Jacket,4277,21,16786.38
Kurti,4540,14,7161.81
Jacket,1014,26,4585.5
Trouser,1957,13,3169.05
Dress,2051,16,4392.08
Jacket,3489,24,15620.79
Blazer,3668,23,17311.61
T-Shirt,1758,8,1015.47
Blazer,1696,28,8339.35
Jeans,102,15,246.44
Uniform,337,15,778.58
Trouser,1562,14,2442.09
Trouser,3536,10,4768.0
Jeans,910,15,1911.07
Hoodie,3945,18,12488.04
Dress,243,17,583.1
Kurti,3869,10,6464.57
Kurti,902,10,1412.64
Blazer,2886,25,16657.14
Jacket,395,26,1596.86
Dress,4262,16,10978.63
Trouser,609,13,1040.57
Dress,1560,20,4174.63
Trouser,632,13,988.08
Kurti,2295,15,3565.81
Kurti,4509,10,6405.04
Jacket,2746,24,11661.14
Trouser,489,10,676.52
Uniform,3105,16,6175.16
Uniform,3634,13,7242.18
Blazer,4903,28,28012.4
Jacket,862,30,4378.25
Kurti,3575,12,5739.89
Jeans,799,14,1487.91
Jacket,222,29,1071.95
Blazer,2300,23,11654.59
Hoodie,151,18,407.7
Trouser,2261,10,3128.41
Blazer,3592,23,16807.02
Trouser,3228,11,4435.02
Blazer,4814,25,22978.54
Blazer,660,27,3516.29
T-Shirt,1177,7,698.89
Dress,821,18,2094.02
Dress,4913,14,11081.98
Hoodie,1447,17,4275.27
Trouser,1679,12,2552.99
Shirt,4117,9,3740.5
T-Shirt,3533,6,1896.69
Trouser,2664,15,4193.74
Jeans,2323,13,4416.31
Kurti,2121,12,3720.52
T-Shirt,270,8,138.66
Shirt,4592,12,4856.16
Uniform,3389,18,8089.96
Kurti,367,13,581.03
Jacket,2235,29,9948.61
Jacket,605,30,2774.47
Jacket,996,21,4152.76
Uniform,832,12,1805.17
Uniform,413,13,918.23
Jacket,1589,20,7152.17
Trouser,4115,10,5386.18
Shirt,237,11,262.8
Dress,4004,17,9571.91
T-Shirt,168,5,50.0
Kurti,2119,10,3545.87
T-Shirt,4572,7,2621.7
Hoodie,928,18,3055.34
Blazer,2177,25,10401.14
Dress,362,18,855.4
Shirt,532,11,501.55
Jeans,313,13,546.97
Shirt,2755,8,2611.66
T-Shirt,2825,7,1590.76
Kurti,4771,10,7641.13
Shirt,1261,9,1247.12
Blazer,731,29,3847.26
Uniform,4294,14,9184.15
Hoodie,532,18,1735.77
Uniform,2610,16,5894.38
Jeans,2322,16,4428.18
Kurti,3206,15,5107.09
Hoodie,2404,20,7906.99
Dress,1712,15,4084.79
T-Shirt,3564,5,1958.4
Shirt,2253,12,2233.29
Kurti,3166,16,5164.52
Shirt,4941,8,5033.1
Jeans,876,15,1774.97
Shirt,1655,9,1516.98
Blazer,2622,26,14836.1
Trouser,3749,11,5721.65
Shirt,352,12,335.16
Kurti,2516,12,4037.68
Uniform,370,13,703.13
Blazer,3853,29,23381.38
T-Shirt,1202,7,561.12
Shirt,2186,8,2140.29
Uniform,428,14,843.46
T-Shirt,4346,5,2441.1
Trouser,3193,11,4697.67
Hoodie,1937,18,6050.79
Uniform,143,16,273.66
Jeans,2085,18,4105.36
Jeans,1488,12,2989.56
Shirt,3862,12,4096.62
Uniform,1824,13,3938.63
Blazer,187,29,1070.46
Blazer,316,28,1625.59
Dress,3406,15,7405.51
Hoodie,2264,19,6837.64
Jeans,2781,14,5485.45
T-Shirt,1093,7,664.44
Hoodie,1476,19,4278.2
Jeans,279,17,580.68
Dress,4067,19,10995.2
Shirt,3897,12,4106.95
Blazer,562,28,3272.23
Shirt,2519,9,2354.91
Blazer,3109,28,18665.03
T-Shirt,2839,8,1777.07
Uniform,3856,16,7452.71
Blazer,1448,27,7335.75
Jeans,4708,17,9597.0
T-Shirt,3177,8,1723.93
Kurti,2101,16,3405.72
Jeans,3451,16,6867.25
Kurti,3774,13,5755.06
Trouser,1443,11,2266.42
Dress,462,19,1146.72
Dress,1015,18,2305.49
Dress,1651,19,4180.81
Uniform,408,17,872.0
Uniform,4957,14,9406.6
Blazer,3984,23,21703.37
Jacket,2498,20,11098.54
T-Shirt,2279,5,1182.25
Blazer,1297,29,7033.33
Kurti,1261,12,2128.18
Hoodie,2543,19,7504.46
Jeans,1049,12,1867.69
Dress,4696,15,9955.99
Kurti,4788,13,7048.41
Dress,3269,14,7654.59
Uniform,1532,18,3580.46
Kurti,4193,10,6901.83
T-Shirt,2960,6,1489.18
Jacket,4990,24,23180.75
Shirt,1609,12,1556.81
T-Shirt,3029,7,1792.66
Hoodie,3676,18,9993.43
Uniform,4471,13,9615.95
T-Shirt,1469,7,808.54
Jeans,3383,18,7435.19
Uniform,3629,14,6672.08
Trouser,2262,15,3867.39
Hoodie,2992,19,8517.97
Dress,3722,15,8647.1
Blazer,3814,26,22268.85
Trouser,490,15,805.63
Trouser,103,12,169.21
Jacket,2847,30,13996.79
Jacket,2965,22,13146.74
Uniform,4474,14,8997.51
T-Shirt,4697,6,2632.36
Hoodie,2306,16,6559.05
T-Shirt,390,8,259.32
Trouser,3647,11,5219.46
Trouser,579,14,932.16
Kurti,4844,11,7232.69
Jacket,1459,22,5727.43
Kurti,3363,13,5551.6
Jeans,2929,16,6256.67
Hoodie,3903,19,11340.14
Uniform,662,16,1297.17
Kurti,2259,12,3556.1
Uniform,2526,13,5155.22
Uniform,1159,15,2259.4
Dress,3839,16,9828.29
T-Shirt,723,6,411.38
Jacket,4813,29,23425.94
Shirt,1611,9,1636.03
T-Shirt,1454,7,853.72
Dress,2576,18,6448.45
Trouser,158,13,193.53
T-Shirt,1123,6,617.07
Blazer,561,27,3218.3
Blazer,901,30,5014.15
Uniform,4039,17,9103.22
Jacket,2432,24,10080.62
Trouser,1191,10,1731.71
Dress,1443,18,3653.93
Trouser,555,13,865.02
Hoodie,1567,18,5151.3
Trouser,4761,13,7660.0
Kurti,1528,11,2349.53
Jeans,4230,18,8576.48
Jacket,4424,26,18544.4
Jacket,5000,23,19912.34
Jeans,688,18,1353.12
Uniform,2499,16,5027.14
Hoodie,4554,22,13292.64
Trouser,602,15,921.48
Jeans,3386,15,6275.27
Blazer,456,24,2426.28
Kurti,1931,11,3021.98
Dress,2670,18,6512.42
Trouser,1210,12,1859.95
Trouser,3910,13,6141.96
Jacket,3533,20,13477.05
Hoodie,1881,21,5492.41
Hoodie,2465,18,7109.95
Blazer,1890,27,9982.8
Hoodie,4051,21,13281.61
Blazer,162,27,800.84
Dress,1125,16,2908.5
Jeans,2752,16,5470.52
Kurti,3199,12,5196.28
Dress,1001,18,2552.83
Dress,2893,18,7029.66
Dress,4553,15,10005.47
Hoodie,1382,18,4017.93
Jacket,3713,25,18371.42
Blazer,874,22,4832.39
Kurti,2593,12,4352.67
Jacket,4750,22,18867.27
Trouser,648,11,938.59
Hoodie,2027,21,5686.12
Jeans,1845,12,3632.22
Jeans,2166,12,4114.71
Blazer,3368,23,16767.41
Jeans,856,13,1791.22
T-Shirt,505,5,279.56
Hoodie,230,20,739.63
Blazer,3051,24,17092.33
Jeans,1446,12,2855.17
Uniform,3893,18,7628.61
Uniform,4426,16,9017.62
Kurti,2515,16,4026.79
Uniform,137,18,320.91
T-Shirt,4897,5,2518.8
Dress,1143,18,3009.04
Jeans,3831,13,7771.87
T-Shirt,859,5,427.56
T-Shirt,4305,6,2349.68
Jeans,1922,12,3804.17
Jacket,3873,20,17708.68
Jeans,4455,17,9196.59
Jeans,2805,18,5449.18
Blazer,3897,26,18922.09
Jacket,2646,22,11241.78
Hoodie,3314,18,10667.94
Trouser,1819,14,2679.09
Dress,440,19,1092.54
Dress,1233,16,2935.95
Blazer,484,27,2700.54
Jacket,1413,22,6308.14
Jacket,212,26,1022.69
Hoodie,1463,19,4263.12
T-Shirt,3532,7,2104.7
Blazer,1449,25,8361.79
Blazer,4906,24,23303.31
Blazer,2383,22,11497.5
Jacket,1083,20,4804.81
Kurti,2260,12,3690.42
Kurti,675,11,1050.95
T-Shirt,2809,5,1695.21
Uniform,1078,12,2117.24
Hoodie,4205,20,13601.66
Blazer,4886,29,26602.86
Uniform,3438,15,7267.08
Dress,1167,16,3086.87
Hoodie,2906,19,8641.25
Jeans,2455,13,4421.39
Trouser,1246,13,2031.19
Dress,1254,15,2712.97
Kurti,2448,12,4113.99
Blazer,4263,28,25110.77
Hoodie,2251,21,6565.85
Shirt,3346,12,3035.68
Jacket,4820,28,22295.66
T-Shirt,3484,6,1925.94
Trouser,2233,14,3576.45
Jeans,2923,17,5998.44
Jacket,3485,25,15185.5
Kurti,366,15,623.48
Jeans,4569,16,9159.12
Dress,4949,16,11372.34
Uniform,4927,16,10627.1
Jeans,1181,12,2083.54
Blazer,4952,25,27795.26
Uniform,3856,15,7860.83
Uniform,3896,12,7556.82
Dress,2026,16,4934.6
Jeans,3637,13,7242.96
Hoodie,1253,20,4193.0
Kurti,3030,11,4480.96
Jeans,3306,13,6154.83
Blazer,829,26,4097.83
Jeans,1858,12,3162.17
Uniform,454,17,1085.25
Kurti,4261,12,7215.46
Shirt,838,12,934.45
Dress,3312,18,7539.16
Kurti,246,12,415.27
Kurti,2718,15,4335.22
Shirt,3738,8,3120.16
Jeans,3990,13,6838.6
Trouser,1187,11,1854.38
Trouser,4866,10,7103.25
T-Shirt,4276,8,2427.12
Hoodie,4794,18,14234.16
T-Shirt,3317,7,1733.4
Jacket,794,30,3715.87
Jacket,2279,25,11116.23
Blazer,2563,27,14687.22
Hoodie,3234,17,9112.73
Uniform,785,17,1794.85
T-Shirt,4531,8,2731.37
Jeans,1271,14,2602.68
Uniform,4108,13,8934.0
T-Shirt,1320,6,769.64
Kurti,2161,16,4020.26
Blazer,711,27,3765.11
Jacket,4356,28,19617.71
Kurti,1918,16,3443.06
Uniform,3505,12,7301.41
Jacket,2258,20,10133.61
Shirt,1814,10,1775.3
Trouser,2559,15,3774.71
Jeans,152,18,355.12
Blazer,4420,22,21420.09
Shirt,2120,10,2072.53
Hoodie,3948,17,12104.52
Dress,2262,16,5367.14
Kurti,4159,12,7282.48
Hoodie,1627,19,4957.58
Jeans,1521,12,2718.42
T-Shirt,951,6,588.21
T-Shirt,1959,6,1174.17
Blazer,2918,25,15271.15
Hoodie,4261,21,13701.95
Jacket,4584,28,19528.38
Kurti,1652,12,2652.42
Jacket,3337,30,17260.09
Blazer,3284,26,17592.46
T-Shirt,1068,7,589.34
Blazer,3730,26,21437.63
Jeans,486,13,895.98
Blazer,641,22,3024.12
Trouser,1083,14,1545.63
Uniform,4603,12,9445.96
Blazer,270,30,1586.37
Trouser,4515,15,7577.2
Kurti,4954,11,8108.76
Trouser,1096,15,1615.87
Jacket,4217,21,17638.44
Kurti,3412,10,5728.72
Hoodie,2815,20,7918.47
Shirt,3739,9,3636.0
Dress,2645,20,6966.15
Jacket,1559,28,7741.81
Trouser,556,10,905.94
T-Shirt,2310,7,1267.51
Jeans,4356,18,8811.92
Uniform,569,16,1213.35
T-Shirt,888,7,519.72
Blazer,772,28,4268.94
Shirt,140,10,172.75
T-Shirt,237,7,116.59
Jacket,4771,24,19941.09
Kurti,1686,16,3049.65
Blazer,1212,25,6912.14
T-Shirt,1386,7,832.22
Hoodie,3468,20,10644.49
Hoodie,2201,16,6338.89
Shirt,837,12,743.29
Trouser,3575,11,5200.06
Trouser,2038,10,2810.16
Hoodie,385,22,1286.97
Uniform,4401,18,9778.04
Kurti,2349,16,4158.45
Uniform,1445,16,3299.86
Shirt,4486,11,4664.89
Kurti,3196,11,5540.9
Jacket,668,21,2718.21
Hoodie,4375,21,12748.57
Dress,631,19,1565.62
Dress,1182,20,3047.29
Jacket,1607,28,7853.84
Jeans,3643,16,6706.11
T-Shirt,3254,5,1922.29
Blazer,2473,28,14190.7
T-Shirt,1081,6,555.71
Jeans,1005,16,2025.9
Blazer,4195,24,19662.49
Jeans,2088,14,4138.96
Jeans,1349,15,2582.98
Kurti,714,14,1180.76
Uniform,1976,12,3773.14
Shirt,646,9,525.4
Jacket,116,22,416.45
Jacket,3551,29,17300.58
Uniform,2848,16,6037.71
Hoodie,2953,17,8602.63
Trouser,4205,10,5707.74
Dress,2078,19,5650.86
Uniform,3554,14,7660.14
Jacket,3575,20,13963.66
T-Shirt,1239,6,684.27
Jacket,625,20,2409.5
Blazer,4643,23,21502.96
Blazer,3359,22,15779.28
Hoodie,1161,20,3604.44
Jacket,1243,20,5435.25
Dress,2616,18,6182.95
Hoodie,3557,16,9471.06
Dress,953,14,2143.6
Jacket,1119,21,4847.94
Uniform,3148,17,7402.88
Kurti,1841,10,2654.43
Dress,4337,19,11057.43
Trouser,2978,14,4692.99
Kurti,2137,16,3723.47
Dress,3594,17,8107.82
Uniform,1813,18,3658.97
Hoodie,1535,21,5168.43
Blazer,3151,28,17440.12
Kurti,2215,10,3145.84
Hoodie,4169,20,13294.37
Dress,1683,18,3766.78
Jacket,1386,25,5613.1
Dress,3588,17,9034.32
Trouser,2877,13,4152.74
Jacket,1018,28,4302.65
Shirt,2973,9,2782.69
Kurti,609,10,965.11
Trouser,1346,14,2169.86
Jacket,4684,24,20226.63
Kurti,1368,13,2169.81
Dress,2612,15,6585.5
Trouser,1244,14,2025.96
Uniform,1403,17,2858.35
Blazer,2905,24,14314.86
Uniform,4623,18,9965.83
Uniform,2523,13,4746.93
Trouser,2635,12,3964.47
T-Shirt,1078,8,556.43
Kurti,1614,13,2473.43
T-Shirt,521,5,295.79
Hoodie,4813,22,16187.25
Jeans,293,12,617.89
Hoodie,4118,20,13867.68
Jacket,337,28,1575.52
T-Shirt,2684,6,1495.05
Hoodie,1214,19,3340.71
Blazer,1239,27,6492.5
Uniform,1727,14,3291.83
Shirt,1621,9,1582.54
Uniform,674,12,1220.4
Jeans,3803,16,7496.68
Shirt,2215,12,2079.88
Uniform,858,16,1663.35
Dress,2076,14,4459.45
Hoodie,1629,16,4547.77
T-Shirt,4205,7,2092.58
Blazer,2271,27,13461.42
Hoodie,369,17,1219.27
Dress,634,14,1597.04
Jacket,563,26,2304.66
Jacket,4323,26,21593.33
Trouser,1440,12,2219.98
T-Shirt,2215,5,1285.4
Blazer,1789,24,8821.68
Uniform,4720,12,10256.61
Blazer,4417,24,21324.14
T-Shirt,2351,7,1479.01
T-Shirt,439,7,273.34
Blazer,1445,28,8106.63
Trouser,4333,11,6317.93
Dress,1806,20,4872.95
Kurti,3039,16,4769.16
Uniform,883,15,1908.3
Uniform,3632,12,6843.38
Trouser,1904,13,2736.98
Uniform,4003,17,9203.98
Jeans,1969,17,3577.44
Uniform,2073,16,4039.17
Trouser,186,12,244.28
Hoodie,4510,20,12632.72
Kurti,3301,16,5929.96
Uniform,4211,12,8794.4
Blazer,1287,28,7024.46
Jacket,659,30,3274.15
Blazer,2005,24,9507.79
Shirt,3102,9,3066.02
T-Shirt,2719,8,1718.02
Kurti,3313,15,5736.31
Trouser,3207,11,4833.26
T-Shirt,2651,7,1444.95
Dress,4238,14,8911.67
Jacket,2406,25,11434.16
Shirt,1762,8,1490.32
Trouser,621,12,870.6
Trouser,1701,12,2505.9
Shirt,2305,12,2253.49
Dress,4327,17,10278.69
T-Shirt,2106,7,1207.54
Kurti,4856,14,7409.59
Jacket,257,24,1133.96
Hoodie,3921,16,10858.76
Jeans,2198,16,4050.99
Dress,3850,18,9034.5
T-Shirt,4297,7,2568.44
Trouser,4959,15,7558.61
Dress,4554,19,12030.43
Dress,674,18,1753.17
Hoodie,1112,16,3407.67
Dress,2046,14,4257.58
Hoodie,3074,19,9742.57
Blazer,2796,23,14218.43
T-Shirt,1144,7,597.99
Trouser,1990,12,3008.39
Jeans,3007,15,5505.86
Shirt,1567,10,1455.14
Hoodie,4953,19,14760.77
Dress,206,15,488.48
Dress,3681,16,9062.95
T-Shirt,3173,7,1695.16
Kurti,3419,11,5001.16
Jacket,4743,26,22721.68
Trouser,939,10,1290.15
T-Shirt,647,7,379.54
T-Shirt,3976,6,2208.98
Jacket,674,30,3145.9
Uniform,3904,18,9060.53
Jeans,4497,18,8668.27
Jeans,4706,13,9125.27
Uniform,3884,18,7809.09
Hoodie,3557,21,12154.87
Hoodie,4472,21,14380.93
Hoodie,2250,17,6258.39
T-Shirt,4343,7,2587.27
Trouser,535,11,778.27
Shirt,211,10,203.6
Blazer,4186,25,20721.63
Kurti,4389,15,8005.1
Jacket,2101,30,9688.32
Uniform,3169,18,6640.78
T-Shirt,1657,5,867.51
Blazer,4006,28,20422.33
T-Shirt,3757,6,2130.7
T-Shirt,2291,8,1265.54
Jeans,1849,14,3354.55
Jacket,2636,29,11527.78
Dress,3301,20,8256.76
Jacket,2859,22,12198.83
T-Shirt,943,6,519.16
Jeans,4090,14,7207.39
T-Shirt,221,7,197.42
Jacket,4507,21,18582.37
Kurti,955,16,1494.04
Dress,2104,14,4718.05
Blazer,1829,25,9254.28
Jacket,3407,30,15282.26
Shirt,3738,8,3649.09
Trouser,1337,10,2023.74
Jeans,456,18,874.44
Hoodie,3014,18,9598.7
Jeans,4759,18,9210.78
Shirt,154,9,134.62
Hoodie,1336,21,4448.37
Blazer,4227,30,23412.26
Kurti,3459,14,6003.22
Shirt,1068,11,1019.88
Trouser,2059,11,3181.49
T-Shirt,3619,8,2200.91
Blazer,3695,30,21171.81
Jeans,686,13,1172.67
T-Shirt,2600,7,1556.97
Jeans,2799,16,5072.0
Shirt,1049,8,983.7
Jeans,705,14,1287.44
Shirt,1468,9,1475.36
Jacket,4733,25,20415.96
T-Shirt,804,7,424.05
Jeans,1070,12,2070.06
T-Shirt,1692,8,1039.41
Jacket,484,27,2067.6
Jacket,3540,30,18603.68
Uniform,2676,15,5332.96
Trouser,452,12,694.71
Jacket,2131,26,9572.76
Trouser,4683,10,6218.96
Dress,3733,19,10057.21
Jacket,2392,22,9353.93
Shirt,4733,11,4985.97
Jacket,4385,25,18467.36
Jacket,4263,23,19043.08
T-Shirt,2589,8,1476.72
Jeans,4328,15,8022.27
Trouser,1623,12,2486.59
Blazer,1207,28,6650.42
Jacket,4112,30,19967.83
Shirt,954,8,924.04
Shirt,442,10,389.27
Hoodie,4531,16,12938.18
Jacket,4776,22,20417.0
Dress,1853,15,4526.67
Dress,3641,20,9836.95
Blazer,3203,22,16553.99
Jacket,2835,22,12680.53
Blazer,2607,30,15211.37
T-Shirt,4186,8,2603.72
Trouser,2488,13,3863.2
T-Shirt,1539,6,827.66
Jacket,4862,25,19868.94
Hoodie,4278,17,12102.22
Jacket,4496,29,23349.83
Hoodie,1702,17,4627.03
Uniform,2264,17,5007.54
Jacket,4279,28,18597.63
Trouser,4114,11,5687.17
Hoodie,605,20,1773.89
Shirt,485,8,457.72
T-Shirt,3617,7,1871.25
Blazer,910,24,4870.84
Kurti,1316,15,2224.77
Uniform,3053,14,6356.35
Kurti,494,13,708.82
Hoodie,2296,19,6889.13
Jeans,4375,15,8085.74
Jeans,2134,18,4076.24
Blazer,4151,30,23609.97
Shirt,2392,10,2100.48
Jacket,3291,21,14043.97
Jacket,2229,21,10000.5
Kurti,3506,14,5789.73
T-Shirt,286,8,184.28
Trouser,3488,13,5541.75
Hoodie,4471,16,12545.17
Shirt,2851,11,2657.8
T-Shirt,429,5,191.35
Dress,4322,17,11316.68
Kurti,2172,11,3744.24
Trouser,4441,15,6974.83
T-Shirt,4985,5,2481.88
Shirt,4914,11,4881.48
Trouser,1377,14,2017.8
Shirt,4160,10,3723.79
T-Shirt,4538,5,2523.18
Jacket,1953,29,8543.83
Trouser,3772,10,5497.01
Trouser,3319,13,4644.06
Jacket,3148,24,14230.48
Shirt,1171,10,1066.85
Blazer,2020,29,10247.18
T-Shirt,182,5,86.67
Trouser,2333,14,3573.97
Dress,2414,14,5599.99
Shirt,2245,9,2166.66
Kurti,4811,14,8248.73
Shirt,2981,11,3124.77
Blazer,215,26,1315.6
Blazer,3048,23,15139.43
Jacket,150,29,774.93
Blazer,3136,25,16597.26
Dress,2238,15,5157.56
Dress,4136,15,10534.99
Hoodie,344,16,968.01
Jeans,1860,13,3773.26
T-Shirt,173,8,105.75
Uniform,4170,18,9235.56
Jacket,2894,22,12759.12
Jeans,1165,16,2253.41
Jacket,1938,20,8657.1
Shirt,3673,11,3427.16
Jeans,151,15,325.56
Jacket,1527,26,7581.15
Kurti,2413,12,3733.7
Jacket,4039,29,18083.58
T-Shirt,765,6,371.2
Dress,287,14,625.0
Shirt,2484,10,2307.33
Jacket,3438,26,14383.04
Trouser,4493,14,7156.95
Blazer,1499,27,7722.95
Hoodie,1253,17,3599.88
T-Shirt,2677,6,1558.93
Jacket,3743,24,15977.84
Shirt,1490,12,1514.69
Uniform,3056,15,6084.12
Hoodie,220,21,681.96
Dress,3279,16,8003.91
Dress,4141,17,9396.13
T-Shirt,871,5,492.64
Trouser,2967,15,4287.69
Jeans,2634,15,5497.81
Jeans,2976,12,5664.18
Uniform,4510,12,9118.73
Hoodie,467,17,1478.73
Blazer,273,25,1282.93
Dress,2180,16,5401.95
Uniform,4514,12,8121.61
Shirt,2206,8,1936.46
Jacket,1263,20,5095.97
Jacket,2895,20,11911.02
Jeans,105,16,214.2
Uniform,3929,16,7524.32
Dress,2170,20,5671.16
Uniform,4278,12,7811.04
Shirt,4769,12,4509.49
Uniform,2809,12,5150.94
Shirt,2256,10,2282.76
Shirt,4439,10,4142.55
T-Shirt,4972,6,2983.27
Kurti,2511,13,4011.45
Uniform,4925,13,10385.55
Shirt,1854,8,1775.93
Hoodie,3294,19,9670.77
Dress,2428,16,5609.14
T-Shirt,2137,7,1205.26
Kurti,4746,12,7668.05
Trouser,1914,11,2853.25
Jacket,4588,27,23199.07
Blazer,2892,22,15726.81
Uniform,413,15,925.52
Jeans,1026,12,2000.55
Hoodie,2208,18,6443.81
Shirt,3499,8,3463.07
Shirt,708,11,796.66
Jacket,1514,20,5918.49
Hoodie,108,20,350.36
Blazer,878,29,4871.68
Jeans,3354,14,6044.86
Jacket,1945,24,8843.83
Jacket,4417,28,20081.68
Trouser,4325,10,6217.77
Jacket,869,30,4126.4
Jacket,4730,22,21709.31
T-Shirt,3071,6,1752.8
Jacket,1611,21,7021.37
Jacket,3738,29,17732.43
T-Shirt,4877,7,2986.75
Jeans,3044,15,5456.6
Jacket,3285,20,12680.17
Kurti,419,13,668.62
Shirt,4353,8,4410.3
Blazer,3351,23,17973.56
Jeans,2822,14,5046.96
Uniform,190,17,379.63
Blazer,3559,23,18765.52
Uniform,3477,17,7460.86
Trouser,2012,11,3077.8
Jacket,4961,21,22506.46
Uniform,4353,12,8433.57
Uniform,756,14,1590.51
Uniform,3469,17,8122.0
Jacket,1513,23,6412.25
Uniform,4860,15,10997.19
T-Shirt,4178,5,2502.74
Uniform,3362,12,6869.15
Hoodie,677,16,1908.79
Trouser,4169,15,6400.99
Hoodie,1087,20,3531.32
Jacket,1450,30,7393.43
Dress,843,16,1829.19
Dress,4734,14,10273.99
Jeans,591,13,1121.72
Dress,3233,19,8389.37
Trouser,1247,15,2013.46
Shirt,2980,9,2979.82
Kurti,3491,10,5757.29
Uniform,3599,15,7398.92
Trouser,285,14,439.8
Blazer,2254,23,10566.66
Trouser,3943,10,5564.37
Kurti,1613,16,2965.0
T-Shirt,3238,5,1901.75
Shirt,560,9,532.0
Dress,2613,19,6835.71
Trouser,4198,10,6186.63
Jacket,948,28,4712.5
Kurti,2415,15,4123.35
Trouser,4851,10,7548.8
Jacket,974,29,4487.8
Dress,180,19,463.14
Shirt,3120,8,2612.95
T-Shirt,4782,8,2803.85
Uniform,3604,14,8093.97
Dress,3399,18,7631.61
Shirt,2837,12,3028.46
T-Shirt,3497,7,2121.4
Blazer,3813,26,18452.27
Kurti,2800,12,4174.85
Jacket,2978,26,14730.85
Shirt,2550,11,2641.03
Trouser,1533,12,2205.49
Jeans,4200,14,8046.8
Uniform,4172,15,9265.27
Hoodie,1647,18,4718.91
Jeans,4714,18,9412.02
Uniform,4886,14,9624.01
T-Shirt,3913,5,2032.84
Dress,1424,17,3401.48
Blazer,784,26,3897.44
Kurti,3813,14,5999.7
Blazer,4753,30,28554.45
Uniform,3890,12,7519.77
Trouser,3921,11,6320.98
Shirt,2366,8,2366.43
Blazer,1107,22,6103.76
Shirt,428,10,451.22
Dress,2104,15,4861.76
Trouser,4345,10,6845.18
Kurti,3561,15,5647.52
Shirt,4828,11,5028.06
Dress,3246,17,8276.48
Blazer,760,24,3701.59
T-Shirt,1569,7,992.47
Kurti,1274,10,1941.81
Dress,4121,15,9820.21
Shirt,4163,10,3645.69
Blazer,3703,22,19350.51
Shirt,126,11,138.11
Blazer,4065,24,19949.87
Jacket,1191,28,5862.95
Shirt,2199,12,2408.12
Kurti,1263,10,1999.71
T-Shirt,2222,5,1053.14
Dress,842,15,1849.51
Hoodie,3784,17,10067.75
Hoodie,1215,21,4090.07
Hoodie,363,19,1271.72
Blazer,886,23,4598.73
Trouser,4546,10,6536.03
Jacket,1105,29,5730.8
Jacket,4969,27,21351.43
Blazer,1116,22,5398.47
Jacket,4318,24,20864.44
Dress,866,20,2051.21
Hoodie,1850,20,5185.26
Shirt,2981,11,2775.37
Dress,3025,17,7528.6
Dress,684,18,1682.54
Kurti,250,13,446.77
Jacket,3095,26,15369.26
Uniform,307,12,605.19
T-Shirt,3687,8,2305.16
T-Shirt,2959,7,1499.01
Kurti,1224,15,1975.66
Jacket,4236,21,17967.88
Jacket,1623,29,7827.64
Jacket,4856,29,23682.16
Dress,3472,17,8687.43
Trouser,4612,13,6468.51
Jacket,3220,22,14526.58
Dress,2105,20,5590.49
Jeans,3016,13,6133.32
Blazer,1633,29,8736.31
Jacket,3256,27,16459.94
Jeans,3822,18,8516.26
Dress,3825,15,8037.52
Kurti,2146,12,3202.79
Kurti,2929,13,4934.25
Dress,2425,17,6332.8
Dress,3760,20,9462.84
Jeans,2053,16,4204.68
Blazer,3592,27,20567.37
Trouser,3828,12,5811.37
Kurti,3866,10,6278.83
Hoodie,4566,16,12477.61
Blazer,1458,27,7379.71
Hoodie,837,20,2459.54
Shirt,1203,11,1275.92
Jacket,1634,23,7635.33
Trouser,4544,10,6315.2
Jeans,2169,12,4213.56
Trouser,1579,14,2491.05
Shirt,3330,9,2902.41
Trouser,1359,13,1967.62
T-Shirt,4988,6,2607.5
Hoodie,1172,16,3697.77
Shirt,3065,8,2812.84
Hoodie,4675,16,14205.77
Trouser,3968,13,5999.98
Blazer,4669,27,27287.71
T-Shirt,4165,8,2253.16
T-Shirt,1423,5,809.43
Hoodie,299,17,892.85
Kurti,3858,11,5903.04
Trouser,791,15,1197.3
Blazer,3692,26,20854.79
Jeans,1254,16,2647.86
Jacket,3372,20,14884.61
Trouser,1477,10,2230.48
Trouser,311,10,409.07
Uniform,1801,13,3403.45
Hoodie,4116,20,13305.59
Blazer,3179,23,17243.81
Jacket,4232,26,20738.55
Shirt,1986,9,1871.69
Jacket,4512,21,19512.31
Dress,3578,19,8429.72
Dress,3358,18,8767.93
T-Shirt,182,7,55.96
Trouser,2972,11,4568.68
Blazer,3627,25,19092.6
Shirt,1318,8,1157.17
Hoodie,1594,22,4928.94
Dress,453,19,1195.68
Blazer,2929,29,15235.23
Shirt,3988,10,4073.24
Hoodie,737,18,2235.73
Shirt,3046,10,2967.59
Dress,3337,18,8443.36
Dress,1608,19,3932.04
Trouser,2417,10,3467.32
Blazer,1370,28,7524.23
Shirt,1999,9,2011.75
Kurti,3421,11,4990.55
Dress,2537,17,5703.86
Hoodie,2991,16,9054.52
Hoodie,2012,16,5677.09
Dress,1794,20,4323.04
Dress,4439,17,10780.62
Blazer,1044,28,5199.63
Blazer,3938,25,19923.09
Jacket,2750,26,12466.93
Blazer,2330,29,11665.05
T-Shirt,1310,8,795.69
Jacket,3378,30,17282.92
Jeans,597,16,1092.34
T-Shirt,3404,7,1821.0
Dress,588,17,1340.86
Blazer,1616,28,8607.7
Shirt,1649,10,1458.06
Jeans,992,15,1885.5
Trouser,1164,10,1767.52
Uniform,2369,13,4611.85
Hoodie,3301,17,9297.55
T-Shirt,3748,6,2173.77
T-Shirt,1958,7,1113.99
Jeans,3434,18,6814.04
Blazer,4745,26,27632.37
Blazer,669,30,3408.51
Trouser,740,14,1138.74
Jacket,4276,21,16825.46
Jacket,2129,20,8893.33
Jacket,1345,29,6217.11
Shirt,4840,9,4387.36
Jeans,3432,14,5950.39
Kurti,3944,10,5730.58
Jacket,2724,26,11817.54
Jeans,2100,15,4218.55
Kurti,2625,12,3916.94
Jacket,1399,23,6667.62
Dress,3649,19,8906.65
Jeans,1533,18,2945.34
Blazer,1982,28,11162.0
T-Shirt,416,8,207.69
Kurti,3048,16,4964.35
Jacket,855,28,4175.77
Kurti,4268,15,7115.28
T-Shirt,591,8,343.34
Kurti,1360,15,2368.92
Jacket,3459,23,15975.47
Kurti,444,16,699.05
Blazer,3675,29,18496.04
Blazer,3010,27,17342.19
Dress,2862,15,6417.52
Trouser,2451,14,3963.08
Uniform,200,15,413.91
Hoodie,4591,20,13857.33
Blazer,4960,26,26026.03
T-Shirt,4906,8,2549.19
Jeans,378,17,799.99
Trouser,1428,11,1950.72
Shirt,1657,8,1443.46
T-Shirt,597,7,355.86
